,id,name,smiles
0,DB00007,Leuprolide,CCNC(=O)[C@@H]1CCCN1C(=O)[C@H](CCCNC(N)=N)NC(=O)[C@H](CC(C)C)NC(=O)[C@@H](CC(C)C)NC(=O)[C@H](CC1=CC=C(O)C=C1)NC(=O)[C@H](CO)NC(=O)[C@H](CC1=CNC2=C1C=CC=C2)NC(=O)[C@H](CC1=CNC=N1)NC(=O)[C@@H]1CCC(=O)N1
1,DB00010,Sermorelin,CCC(C)C(C(=O)NC(CC1=CC=CC=C1)C(=O)NC(C(C)O)C(=O)NC(CC(=O)N)C(=O)NC(CO)C(=O)NC(CC2=CC=C(C=C2)O)C(=O)NC(CCCNC(=N)N)C(=O)NC(CCCCN)C(=O)NC(C(C)C)C(=O)NC(CC(C)C)C(=O)NCC(=O)NC(CCC(=O)N)C(=O)NC(CC(C)C)C(=O)NC(CO)C(=O)NC(C)C(=O)NC(CCCNC(=N)N)C(=O)NC(CCCCN)C(=O)NC(CC(C)C)C(=O)NC(CC(C)C)C(=O)NC(CCC(=O)N)C(=O)NC(CC(=O)O)C(=O)NC(C(C)CC)C(=O)NC(CCSC)C(=O)NC(CO)C(=O)NC(CCCNC(=N)N)C(=O)N)NC(=O)C(C)NC(=O)C(CC(=O)O)NC(=O)C(C)NC(=O)C(CC3=CC=C(C=C3)O)N
2,DB00014,Goserelin,CC(C)C[C@H](NC(=O)[C@@H](COC(C)(C)C)NC(=O)[C@H](CC1=CC=C(O)C=C1)NC(=O)[C@H](CO)NC(=O)[C@H](CC1=CNC2=CC=CC=C12)NC(=O)[C@H](CC1=CN=CN1)NC(=O)[C@@H]1CCC(=O)N1)C(=O)N[C@@H](CCCN=C(N)N)C(=O)N1CCC[C@H]1C(=O)NNC(N)=O
3,DB00017,Salmon calcitonin,CC(C)CC1C(=O)NC(C(=O)NC(C(=O)NC(CSSCC(C(=O)NC(C(=O)NC(C(=O)N1)CC(=O)N)CO)N)C(=O)NC(C(C)C)C(=O)NC(CC(C)C)C(=O)NCC(=O)NC(CCCCN)C(=O)NC(CC(C)C)C(=O)NC(CO)C(=O)NC(CCC(=O)N)C(=O)NC(CCC(=O)O)C(=O)NC(CC(C)C)C(=O)NC(CC2=CN=CN2)C(=O)NC(CCCCN)C(=O)NC(CC(C)C)C(=O)NC(CCC(=O)N)C(=O)NC(C(C)O)C(=O)NC(CC3=CC=C(C=C3)O)C(=O)N4CCCC4C(=O)NC(CCCNC(=N)N)C(=O)NC(C(C)O)C(=O)NC(CC(=O)N)C(=O)NC(C(C)O)C(=O)NCC(=O)NC(CO)C(=O)NCC(=O)NC(C(C)O)C(=O)N5CCCC5C(=O)N)C(C)O)CO
4,DB00035,Desmopressin,NC(=O)CC[C@@H]1NC(=O)[C@H](CC2=CC=CC=C2)NC(=O)[C@H](CC2=CC=C(O)C=C2)NC(=O)CCSSC[C@H](NC(=O)[C@H](CC(N)=O)NC1=O)C(=O)N1CCC[C@H]1C(=O)N[C@H](CCCNC(N)=N)C(=O)NCC(N)=O
5,DB00067,Vasopressin,NCCCCC(NC(=O)C1CCCN1C(=O)C1CSSCC(N)C(=O)NC(CC2=CC=C(O)C=C2)C(=O)NC(CC2=CC=CC=C2)C(=O)NC(CCC(N)=O)C(=O)NC(CC(N)=O)C(=O)N1)C(=O)NCC(N)=O.NC1CSSCC(NC(=O)C(CC(N)=O)NC(=O)C(CCC(N)=O)NC(=O)C(CC2=CC=CC=C2)NC(=O)C(CC2=CC=C(O)C=C2)NC1=O)C(=O)N1CCCC1C(=O)NC(CCCN=C(N)N)C(=O)NCC(N)=O
6,DB00091,Cyclosporine,CC[C@@H]1NC(=O)[C@H]([C@H](O)[C@H](C)C\C=C\C)N(C)C(=O)[C@H](C(C)C)N(C)C(=O)[C@H](CC(C)C)N(C)C(=O)[C@H](CC(C)C)N(C)C(=O)[C@@H](C)NC(=O)[C@H](C)NC(=O)[C@H](CC(C)C)N(C)C(=O)[C@@H](NC(=O)[C@H](CC(C)C)N(C)C(=O)CN(C)C1=O)C(C)C
7,DB00104,Octreotide,CC(C1C(=O)NC(CSSCC(C(=O)NC(C(=O)NC(C(=O)NC(C(=O)N1)CCCCN)CC2=CNC3=CC=CC=C32)CC4=CC=CC=C4)NC(=O)C(CC5=CC=CC=C5)N)C(=O)NC(CO)C(C)O)O
8,DB00114,Pyridoxal phosphate,CC1=NC=C(COP(O)(O)=O)C(C=O)=C1O
9,DB00115,Cyanocobalamin,C[C@H](CNC(=O)CC[C@]1(C)[C@@H](CC(N)=O)[C@H]2N=C1\C(C)=C1/N=C(/C=C3\N=C(\C(\C)=C4\[C@@H](CCC(N)=O)[C@](C)(CC(N)=O)[C@@]2(C)N4[Co+]C#N)[C@@](C)(CC(N)=O)[C@@H]3CCC(N)=O)C(C)(C)[C@@H]1CCC(N)=O)OP([O-])(=O)O[C@@H]1[C@@H](CO)O[C@@H]([C@@H]1O)N1C=NC2=C1C=C(C)C(C)=C2
10,DB00122,Choline,C[N+](C)(C)CCO
11,DB00125,Arginine,N[C@@H](CCCNC(N)=N)C(O)=O
12,DB00126,Ascorbic acid,[H][C@@]1(OC(=O)C(O)=C1O)[C@@H](O)CO
13,DB00131,Adenosine phosphate,NC1=C2N=CN([C@@H]3O[C@H](COP(O)(O)=O)[C@@H](O)[C@H]3O)C2=NC=N1
14,DB00136,Calcitriol,C[C@H](CCCC(C)(C)O)[C@@]1([H])CC[C@@]2([H])\C(CCC[C@]12C)=C\C=C1\C[C@@H](O)C[C@H](O)C1=C
15,DB00140,Riboflavin,CC1=C(C)C=C2N(C[C@H](O)[C@H](O)[C@H](O)CO)C3=NC(=O)NC(=O)C3=NC2=C1
16,DB00153,Ergocalciferol,CC(C)[C@@H](C)\C=C\[C@@H](C)[C@@]1([H])CC[C@@]2([H])\C(CCC[C@]12C)=C\C=C1\C[C@@H](O)CCC1=C
17,DB00160,Alanine,C[C@H](N)C(O)=O
18,DB00162,Vitamin A,C\C(=C/CO)\C=C\C=C(/C)\C=C\C1=C(C)CCCC1(C)C
19,DB00163,Vitamin E,CC(C)CCC[C@@H](C)CCC[C@@H](C)CCC[C@]1(C)CCC2=C(O1)C(C)=C(C)C(O)=C2C
20,DB00165,Pyridoxine,CC1=C(O)C(CO)=C(CO)C=N1
21,DB00167,Isoleucine,CC[C@H](C)[C@H](N)C(O)=O
22,DB00169,Cholecalciferol,CC(C)CCC[C@@H](C)[C@@]1([H])CC[C@@]2([H])\C(CCC[C@]12C)=C\C=C1\C[C@@H](O)CCC1=C
23,DB00175,Pravastatin,[H][C@]12[C@H](C[C@H](O)C=C1C=C[C@H](C)[C@@H]2CC[C@@H](O)C[C@@H](O)CC(O)=O)OC(=O)[C@@H](C)CC
24,DB00176,Fluvoxamine,COCCCC\C(=N/OCCN)C1=CC=C(C=C1)C(F)(F)F
25,DB00177,Valsartan,CCCCC(=O)N(CC1=CC=C(C=C1)C1=CC=CC=C1C1=NNN=N1)[C@@H](C(C)C)C(O)=O
26,DB00178,Ramipril,[H][C@@]12CCC[C@]1([H])N([C@@H](C2)C(O)=O)C(=O)[C@H](C)N[C@@H](CCC1=CC=CC=C1)C(=O)OCC
27,DB00179,Masoprocol,C[C@@H](CC1=CC(O)=C(O)C=C1)[C@H](C)CC1=CC(O)=C(O)C=C1
28,DB00180,Flunisolide,[H][C@@]12C[C@@]3([H])[C@]4([H])C[C@H](F)C5=CC(=O)C=C[C@]5(C)[C@@]4([H])[C@@H](O)C[C@]3(C)[C@@]1(OC(C)(C)O2)C(=O)CO
29,DB00181,Baclofen,NCC(CC(O)=O)C1=CC=C(Cl)C=C1
30,DB00182,Amphetamine,CC(N)CC1=CC=CC=C1
31,DB00186,Lorazepam,OC1N=C(C2=CC=CC=C2Cl)C2=C(NC1=O)C=CC(Cl)=C2
32,DB00187,Esmolol,COC(=O)CCC1=CC=C(OCC(O)CNC(C)C)C=C1
33,DB00188,Bortezomib,CC(C)C[C@H](NC(=O)[C@H](CC1=CC=CC=C1)NC(=O)C1=CN=CC=N1)B(O)O
34,DB00190,Carbidopa,C[C@@](CC1=CC(O)=C(O)C=C1)(NN)C(O)=O
35,DB00191,Phentermine,CC(C)(N)CC1=CC=CC=C1
36,DB00193,Tramadol,COC1=CC=CC(=C1)C1(O)CCCCC1CN(C)C
37,DB00195,Betaxolol,CC(C)NCC(O)COC1=CC=C(CCOCC2CC2)C=C1
38,DB00199,Erythromycin,CC[C@H]1OC(=O)[C@H](C)[C@@H](O[C@H]2C[C@@](C)(OC)[C@@H](O)[C@H](C)O2)[C@H](C)[C@@H](O[C@@H]2O[C@H](C)C[C@@H]([C@H]2O)N(C)C)[C@](C)(O)C[C@@H](C)C(=O)[C@H](C)[C@@H](O)[C@]1(C)O
39,DB00201,Caffeine,CN1C=NC2=C1C(=O)N(C)C(=O)N2C
40,DB00203,Sildenafil,CCCC1=NN(C)C2=C1N=C(NC2=O)C1=CC(=CC=C1OCC)S(=O)(=O)N1CCN(C)CC1
41,DB00204,Dofetilide,CN(CCOC1=CC=C(NS(C)(=O)=O)C=C1)CCC1=CC=C(NS(C)(=O)=O)C=C1
42,DB00206,Reserpine,[H][C@]12C[C@@H](OC(=O)C3=CC(OC)=C(OC)C(OC)=C3)[C@H](OC)[C@@H](C(=O)OC)[C@@]1([H])C[C@@]1([H])N(CCC3=C1NC1=C3C=CC(OC)=C1)C2
43,DB00208,Ticlopidine,ClC1=CC=CC=C1CN1CCC2=C(C1)C=CS2
44,DB00210,Adapalene,COC1=C(C=C(C=C1)C1=CC2=C(C=C1)C=C(C=C2)C(O)=O)C12CC3CC(CC(C3)C1)C2
45,DB00211,Midodrine,COC1=CC(C(O)CNC(=O)CN)=C(OC)C=C1
46,DB00213,Pantoprazole,COC1=C(OC)C(CS(=O)C2=NC3=C(N2)C=C(OC(F)F)C=C3)=NC=C1
47,DB00214,Torasemide,CC(C)NC(=O)NS(=O)(=O)C1=C(NC2=CC=CC(C)=C2)C=CN=C1
48,DB00215,Citalopram,CN(C)CCCC1(OCC2=C1C=CC(=C2)C#N)C1=CC=C(F)C=C1
49,DB00216,Eletriptan,CN1CCC[C@@H]1CC1=CNC2=C1C=C(CCS(=O)(=O)C1=CC=CC=C1)C=C2
50,DB00218,Moxifloxacin,[H][C@]12CN(C[C@@]1([H])NCCC2)C1=C(F)C=C2C(=O)C(=CN(C3CC3)C2=C1OC)C(O)=O
51,DB00221,Isoetharine,CCC(NC(C)C)C(O)C1=CC(O)=C(O)C=C1
52,DB00222,Glimepiride,CCC1=C(C)CN(C(=O)NCCC2=CC=C(C=C2)S(=O)(=O)NC(=O)N[C@H]2CC[C@H](C)CC2)C1=O
53,DB00226,Guanadrel,NC(N)=NCC1COC2(CCCCC2)O1
54,DB00227,Lovastatin,[H][C@]12[C@H](C[C@@H](C)C=C1C=C[C@H](C)[C@@H]2CC[C@@H]1C[C@@H](O)CC(=O)O1)OC(=O)[C@@H](C)CC
55,DB00230,Pregabalin,CC(C)C[C@H](CN)CC(O)=O
56,DB00232,Methyclothiazide,CN1C(CCl)NC2=CC(Cl)=C(C=C2S1(=O)=O)S(N)(=O)=O
57,DB00240,Alclometasone,[H][C@@]12C[C@@H](C)[C@](O)(C(=O)CO)[C@@]1(C)C[C@H](O)[C@@]1([H])[C@@]2([H])[C@H](Cl)CC2=CC(=O)C=C[C@]12C
58,DB00241,Butalbital,CC(C)CC1(CC=C)C(=O)NC(=O)NC1=O
59,DB00242,Cladribine,NC1=C2N=CN([C@H]3C[C@H](O)[C@@H](CO)O3)C2=NC(Cl)=N1
60,DB00244,Mesalazine,NC1=CC(C(O)=O)=C(O)C=C1
61,DB00245,Benzatropine,[H][C@]12CC[C@]([H])(C[C@@]([H])(C1)OC(C1=CC=CC=C1)C1=CC=CC=C1)N2C
62,DB00246,Ziprasidone,ClC1=C(CCN2CCN(CC2)C2=NSC3=CC=CC=C23)C=C2CC(=O)NC2=C1
63,DB00248,Cabergoline,[H][C@@]12CC3=CNC4=CC=CC(=C34)[C@@]1([H])C[C@H](CN2CC=C)C(=O)N(CCCN(C)C)C(=O)NCC
64,DB00252,Phenytoin,O=C1NC(=O)C(N1)(C1=CC=CC=C1)C1=CC=CC=C1
65,DB00255,Diethylstilbestrol,CC\C(=C(\CC)C1=CC=C(O)C=C1)C1=CC=C(O)C=C1
66,DB00257,Clotrimazole,ClC1=CC=CC=C1C(N1C=CN=C1)(C1=CC=CC=C1)C1=CC=CC=C1
67,DB00262,Carmustine,ClCCNC(=O)N(CCCl)N=O
68,DB00264,Metoprolol,COCCC1=CC=C(OCC(O)CNC(C)C)C=C1
69,DB00268,Ropinirole,CCCN(CCC)CCC1=C2CC(=O)NC2=CC=C1
70,DB00270,Isradipine,COC(=O)C1=C(C)NC(C)=C(C1C1=CC=CC2=NON=C12)C(=O)OC(C)C
71,DB00273,Topiramate,[H][C@@]12CO[C@@]3(COS(N)(=O)=O)OC(C)(C)O[C@@]3([H])[C@]1([H])OC(C)(C)O2
72,DB00275,Olmesartan,CCCC1=NC(=C(N1CC1=CC=C(C=C1)C1=C(C=CC=C1)C1=NN=NN1)C(O)=O)C(C)(C)O
73,DB00277,Theophylline,CN1C2=C(NC=N2)C(=O)N(C)C1=O
74,DB00278,Argatroban,C[C@@H]1CCN([C@H](C1)C(O)=O)C(=O)[C@H](CCCNC(N)=N)NS(=O)(=O)C1=CC=CC2=C1NCC(C)C2
75,DB00279,Liothyronine,N[C@@H](CC1=CC(I)=C(OC2=CC(I)=C(O)C=C2)C(I)=C1)C(O)=O
76,DB00280,Disopyramide,CC(C)N(CCC(C(N)=O)(C1=CC=CC=C1)C1=NC=CC=C1)C(C)C
77,DB00281,Lidocaine,CCN(CC)CC(=O)NC1=C(C)C=CC=C1C
78,DB00282,Pamidronic acid,NCCC(O)(P(O)(O)=O)P(O)(O)=O
79,DB00284,Acarbose,[H]C(=O)[C@H](O)[C@@H](O)[C@]([H])(O[C@@]1([H])O[C@H](CO)[C@@]([H])(O[C@H]2O[C@H](C)[C@@H](N[C@@]3([H])C=C(CO)[C@@H](O)[C@H](O)[C@H]3O)[C@H](O)[C@H]2O)[C@H](O)[C@H]1O)[C@H](O)CO
80,DB00285,Venlafaxine,COC1=CC=C(C=C1)C(CN(C)C)C1(O)CCCCC1
81,DB00286,Conjugated estrogens,C[C@]12CC[C@@H]3c4ccc(OS(=O)(=O)[O-])cc4CC[C@H]3[C@@H]1CCC2=O.[Na+]
82,DB00287,Travoprost,CC(C)OC(=O)CCC\C=C/C[C@H]1[C@@H](O)C[C@@H](O)[C@@H]1\C=C\[C@@H](O)COC1=CC=CC(=C1)C(F)(F)F
83,DB00289,Atomoxetine,CNCC[C@@H](OC1=CC=CC=C1C)C1=CC=CC=C1
84,DB00290,Bleomycin,[H][C@](C)(NC(=O)[C@@]([H])(NC(=O)C1=NC(=NC(N)=C1C)[C@H](CC(N)=O)NC[C@H](N)C(N)=O)[C@@]([H])(OC1OC(CO)C(O)C(O)C1OC1OC(CO)C(O)C(OC(N)=O)C1O)C1=CNC=N1)[C@@H](O)[C@H](C)C(=O)N[C@]([H])(C(=O)NCCC1=NC(=CS1)C1=NC(=CS1)C(=O)NCCC[S+](C)C)[C@@]([H])(C)O
85,DB00295,Morphine,[H][C@@]12OC3=C(O)C=CC4=C3[C@@]11CCN(C)[C@]([H])(C4)[C@]1([H])C=C[C@@H]2O
86,DB00297,Bupivacaine,CCCCN1CCCCC1C(=O)NC1=C(C)C=CC=C1C
87,DB00302,Tranexamic acid,NC[C@H]1CC[C@@H](CC1)C(O)=O
88,DB00304,Desogestrel,[H][C@@]12CC[C@@](O)(C#C)[C@@]1(CC)CC(=C)[C@]1([H])[C@@]3([H])CCCC=C3CC[C@@]21[H]
89,DB00305,Mitomycin,[H][C@]12CN3C4=C([C@@H](COC(N)=O)[C@@]3(OC)[C@@]1([H])N2)C(=O)C(N)=C(C)C4=O
90,DB00307,Bexarotene,CC1=CC2=C(C=C1C(=C)C1=CC=C(C=C1)C(O)=O)C(C)(C)CCC2(C)C
91,DB00308,Ibutilide,CCCCCCCN(CC)CCCC(O)C1=CC=C(NS(C)(=O)=O)C=C1
92,DB00310,Chlorthalidone,NS(=O)(=O)C1=C(Cl)C=CC(=C1)C1(O)NC(=O)C2=CC=CC=C12
93,DB00313,Valproic acid,CCCC(CCC)C(O)=O
94,DB00313,Valproic acid,CCCC(CCC)C(O)=O
95,DB00315,Zolmitriptan,CN(C)CCC1=CNC2=CC=C(C[C@H]3COC(=O)N3)C=C12
96,DB00316,Acetaminophen,CC(=O)NC1=CC=C(O)C=C1
97,DB00318,Codeine,[H][C@]12C=C[C@H](O)[C@@H]3OC4=C5C(C[C@H]1N(C)CC[C@@]235)=CC=C4OC
98,DB00320,Dihydroergotamine,[H][C@@]12CCCN1C(=O)[C@H](CC1=CC=CC=C1)N1C(=O)[C@](C)(NC(=O)[C@H]3CN(C)[C@]4([H])CC5=CNC6=CC=CC(=C56)[C@@]4([H])C3)O[C@@]21O
99,DB00321,Amitriptyline,CN(C)CCC=C1C2=CC=CC=C2CCC2=CC=CC=C12
100,DB00323,Tolcapone,CC1=CC=C(C=C1)C(=O)C1=CC(=C(O)C(O)=C1)[N+]([O-])=O
101,DB00324,Fluorometholone,[H][C@@]12CC[C@](O)(C(C)=O)[C@@]1(C)C[C@H](O)[C@@]1(F)[C@@]2([H])C[C@H](C)C2=CC(=O)C=C[C@]12C
102,DB00325,Nitroprusside,O=N[Fe--](C#N)(C#N)(C#N)(C#N)C#N
103,DB00327,Hydromorphone,[H][C@@]12OC3=C(O)C=CC4=C3[C@@]11CCN(C)[C@]([H])(C4)[C@]1([H])CCC2=O
104,DB00328,Indomethacin,COC1=CC2=C(C=C1)N(C(=O)C1=CC=C(Cl)C=C1)C(C)=C2CC(O)=O
105,DB00331,Metformin,CN(C)C(=N)NC(N)=N
106,DB00332,Ipratropium,[H][C@]12CC[C@]([H])(C[C@@H](C1)OC(=O)C(CO)C1=CC=CC=C1)[N+]2(C)C(C)C
107,DB00333,Methadone,CCC(=O)C(CC(C)N(C)C)(C1=CC=CC=C1)C1=CC=CC=C1
108,DB00334,Olanzapine,CN1CCN(CC1)C1=NC2=CC=CC=C2NC2=C1C=C(C)S2
109,DB00335,Atenolol,CC(C)NCC(O)COC1=CC=C(CC(N)=O)C=C1
110,DB00337,Pimecrolimus,[H][C@]1(CC[C@H](Cl)[C@@H](C1)OC)\C=C(/C)[C@@]1([H])OC(=O)[C@]2([H])CCCCN2C(=O)C(=O)[C@]2(O)O[C@@]([H])([C@H](C[C@H]2C)OC)[C@H](C[C@@H](C)C\C(C)=C\[C@@H](CC)C(=O)C[C@H](O)[C@H]1C)OC
111,DB00338,Omeprazole,COC1=CC2=C(C=C1)N=C(N2)S(=O)CC1=NC=C(C)C(OC)=C1C
112,DB00342,Terfenadine,CC(C)(C)C1=CC=C(C=C1)C(O)CCCN1CCC(CC1)C(O)(C1=CC=CC=C1)C1=CC=CC=C1
113,DB00343,Diltiazem,COC1=CC=C(C=C1)[C@@H]1SC2=C(C=CC=C2)N(CCN(C)C)C(=O)[C@@H]1OC(C)=O
114,DB00346,Alfuzosin,COC1=CC2=C(C=C1OC)C(N)=NC(=N2)N(C)CCCNC(=O)C1CCCO1
115,DB00350,Minoxidil,NC1=CC(=NC(N)=[N+]1[O-])N1CCCCC1
116,DB00351,Megestrol acetate,[H][C@@]12CC[C@](OC(C)=O)(C(C)=O)[C@@]1(C)CC[C@@]1([H])[C@@]2([H])C=C(C)C2=CC(=O)CC[C@]12C
117,DB00352,Tioguanine,NC1=NC(=S)C2=C(N1)N=CN2
118,DB00353,Methylergometrine,[H][C@@]12CC3=CNC4=CC=CC(=C34)C1=C[C@H](CN2C)C(=O)N[C@@H](CC)CO
119,DB00354,Buclizine,CC(C)(C)C1=CC=C(CN2CCN(CC2)C(C2=CC=CC=C2)C2=CC=C(Cl)C=C2)C=C1
120,DB00356,Chlorzoxazone,ClC1=CC2=C(OC(=O)N2)C=C1
121,DB00357,Aminoglutethimide,CCC1(CCC(=O)NC1=O)C1=CC=C(N)C=C1
122,DB00361,Vinorelbine,[H][C@@]12N(C)C3=CC(OC)=C(C=C3[C@@]11CCN3CC=C[C@](CC)([C@@]13[H])[C@@]([H])(OC(C)=O)[C@]2(O)C(=O)OC)[C@]1(C[C@@]2([H])CN(CC(CC)=C2)CC2=C1NC1=CC=CC=C21)C(=O)OC
123,DB00363,Clozapine,CN1CCN(CC1)C1=NC2=CC(Cl)=CC=C2NC2=CC=CC=C12
124,DB00364,Sucralfate,O.O[Al](O)O.O[Al](O)OS(=O)(=O)OC[C@H]1O[C@@](COS(=O)(=O)O[Al](O)O)(O[C@H]2O[C@H](COS(=O)(=O)O[Al](O)O)[C@@H](OS(=O)(=O)O[Al](O)O)[C@H](OS(=O)(=O)O[Al](O)O)[C@H]2OS(=O)(=O)O[Al](O)O)[C@@H](OS(=O)(=O)O[Al](O)O)[C@@H]1OS(=O)(=O)O[Al](O)O
125,DB00366,Doxylamine,CN(C)CCOC(C)(C1=CC=CC=C1)C1=CC=CC=N1
126,DB00367,Levonorgestrel,[H][C@@]12CC[C@@](O)(C#C)[C@@]1(CC)CC[C@]1([H])[C@@]3([H])CCC(=O)C=C3CC[C@@]21[H]
127,DB00368,Norepinephrine,NC[C@H](O)C1=CC(O)=C(O)C=C1
128,DB00371,Meprobamate,CCCC(C)(COC(N)=O)COC(N)=O
129,DB00373,Timolol,[H][C@](O)(CNC(C)(C)C)COC1=NSN=C1N1CCOCC1
130,DB00374,Treprostinil,[H][C@]12C[C@@H](O)[C@H](CC[C@@H](O)CCCCC)[C@@]1([H])CC1=C(C2)C(OCC(O)=O)=CC=C1
131,DB00376,Trihexyphenidyl,OC(CCN1CCCCC1)(C1CCCCC1)C1=CC=CC=C1
132,DB00379,Mexiletine,CC(N)COC1=C(C)C=CC=C1C
133,DB00380,Dexrazoxane,C[C@@H](CN1CC(=O)NC(=O)C1)N1CC(=O)NC(=O)C1
134,DB00381,Amlodipine,CCOC(=O)C1=C(COCCN)NC(C)=C(C1C1=CC=CC=C1Cl)C(=O)OC
135,DB00382,Tacrine,NC1=C2CCCCC2=NC2=CC=CC=C12
136,DB00384,Triamterene,NC1=NC(N)=C2N=C(C(N)=NC2=N1)C1=CC=CC=C1
137,DB00385,Valrubicin,[H][C@@]1(C[C@@](O)(CC2=C(O)C3=C(C(O)=C12)C(=O)C1=C(OC)C=CC=C1C3=O)C(=O)COC(=O)CCCC)O[C@H]1C[C@H](NC(=O)C(F)(F)F)[C@H](O)[C@H](C)O1
138,DB00387,Procyclidine,OC(CCN1CCCC1)(C1CCCCC1)C1=CC=CC=C1
139,DB00388,Phenylephrine,CNC[C@H](O)C1=CC(O)=CC=C1
140,DB00390,Digoxin,[H][C@]12CC[C@]3([H])[C@]([H])(C[C@@H](O)[C@]4(C)[C@H](CC[C@]34O)C3=CC(=O)OC3)[C@@]1(C)CC[C@@H](C2)O[C@H]1C[C@H](O)[C@H](O[C@H]2C[C@H](O)[C@H](O[C@H]3C[C@H](O)[C@H](O)[C@@H](C)O3)[C@@H](C)O2)[C@@H](C)O1
141,DB00393,Nimodipine,COCCOC(=O)C1=C(C)NC(C)=C(C1C1=CC(=CC=C1)[N+]([O-])=O)C(=O)OC(C)C
142,DB00394,Beclomethasone dipropionate,[H][C@@]12C[C@H](C)[C@](OC(=O)CC)(C(=O)COC(=O)CC)[C@@]1(C)C[C@H](O)[C@@]1(Cl)[C@@]2([H])CCC2=CC(=O)C=C[C@]12C
143,DB00396,Progesterone,[H][C@@]12CC[C@H](C(C)=O)[C@@]1(C)CC[C@@]1([H])[C@@]2([H])CCC2=CC(=O)CC[C@]12C
144,DB00397,Phenylpropanolamine,CC(N)C(O)C1=CC=CC=C1
145,DB00398,Sorafenib,CNC(=O)C1=NC=CC(OC2=CC=C(NC(=O)NC3=CC(=C(Cl)C=C3)C(F)(F)F)C=C2)=C1
146,DB00399,Zoledronic acid,OC(CN1C=CN=C1)(P(O)(O)=O)P(O)(O)=O
147,DB00401,Nisoldipine,COC(=O)C1=C(C)NC(C)=C(C1C1=CC=CC=C1[N+]([O-])=O)C(=O)OCC(C)C
148,DB00404,Alprazolam,CC1=NN=C2CN=C(C3=CC=CC=C3)C3=C(C=CC(Cl)=C3)N12
149,DB00407,Ardeparin,CC(=O)NC1C(C(C(OC1O)COS(=O)(=O)O)OC2C(C(C(C(O2)C(=O)O)OC3C(C(C(C(O3)CO)OC4C(C(C(C(O4)C(=O)O)O)O)OS(=O)(=O)O)OS(=O)(=O)O)NS(=O)(=O)O)O)OS(=O)(=O)O)O
150,DB00408,Loxapine,CN1CCN(CC1)C1=NC2=CC=CC=C2OC2=C1C=C(Cl)C=C2
151,DB00412,Rosiglitazone,CN(CCOC1=CC=C(CC2SC(=O)NC2=O)C=C1)C1=CC=CC=N1
152,DB00413,Pramipexole,CCCN[C@H]1CCC2=C(C1)SC(N)=N2
153,DB00414,Acetohexamide,CC(=O)C1=CC=C(C=C1)S(=O)(=O)NC(=O)NC1CCCCC1
154,DB00419,Miglustat,CCCCN1C[C@H](O)[C@@H](O)[C@H](O)[C@H]1CO
155,DB00421,Spironolactone,[H][C@@]12CC[C@@]3(CCC(=O)O3)[C@@]1(C)CC[C@@]1([H])[C@@]2([H])[C@@]([H])(CC2=CC(=O)CC[C@]12C)SC(C)=O
156,DB00422,Methylphenidate,COC(=O)C(C1CCCCN1)C1=CC=CC=C1
157,DB00424,Hyoscyamine,CN1[C@H]2CC[C@@H]1C[C@@H](C2)OC(=O)[C@H](CO)C1=CC=CC=C1
158,DB00428,Streptozocin,CN(N=O)C(=O)N[C@H]1[C@@H](O)O[C@H](CO)[C@@H](O)[C@@H]1O
159,DB00433,Prochlorperazine,CN1CCN(CCCN2C3=CC=CC=C3SC3=C2C=C(Cl)C=C3)CC1
160,DB00434,Cyproheptadine,CN1CCC(CC1)=C1C2=CC=CC=C2C=CC2=CC=CC=C12
161,DB00436,Bendroflumethiazide,NS(=O)(=O)C1=CC2=C(NC(CC3=CC=CC=C3)NS2(=O)=O)C=C1C(F)(F)F
162,DB00437,Allopurinol,OC1=NC=NC2=C1C=NN2
163,DB00440,Trimethoprim,COC1=CC(CC2=CN=C(N)N=C2N)=CC(OC)=C1OC
164,DB00441,Gemcitabine,NC1=NC(=O)N(C=C1)[C@@H]1O[C@H](CO)[C@@H](O)C1(F)F
165,DB00443,Betamethasone,[H][C@@]12C[C@H](C)[C@](O)(C(=O)CO)[C@@]1(C)C[C@H](O)[C@@]1(F)[C@@]2([H])CCC2=CC(=O)C=C[C@]12C
166,DB00444,Teniposide,[H][C@]12COC(=O)[C@]1([H])[C@H](C1=CC(OC)=C(O)C(OC)=C1)C1=C(C=C3OCOC3=C1)[C@H]2O[C@]1([H])O[C@]2([H])CO[C@H](O[C@@]2([H])[C@H](O)[C@H]1O)C1=CC=CS1
167,DB00445,Epirubicin,COC1=CC=CC2=C1C(=O)C1=C(O)C3=C(C[C@](O)(C[C@@H]3O[C@H]3C[C@H](N)[C@@H](O)[C@H](C)O3)C(=O)CO)C(O)=C1C2=O
168,DB00448,Lansoprazole,CC1=C(OCC(F)(F)F)C=CN=C1CS(=O)C1=NC2=CC=CC=C2N1
169,DB00449,Dipivefrin,CNCC(O)C1=CC(OC(=O)C(C)(C)C)=C(OC(=O)C(C)(C)C)C=C1
170,DB00451,Levothyroxine,N[C@@H](CC1=CC(I)=C(OC2=CC(I)=C(O)C(I)=C2)C(I)=C1)C(O)=O
171,DB00454,Meperidine,CCOC(=O)C1(CCN(C)CC1)C1=CC=CC=C1
172,DB00457,Prazosin,COC1=C(OC)C=C2C(N)=NC(=NC2=C1)N1CCN(CC1)C(=O)C1=CC=CO1
173,DB00458,Imipramine,CN(C)CCCN1C2=CC=CC=C2CCC2=CC=CC=C12
174,DB00461,Nabumetone,COC1=CC2=C(C=C1)C=C(CCC(C)=O)C=C2
175,DB00464,Sodium tetradecyl sulfate,[Na+].CCCCC(CC)CCC(CC(C)C)OS([O-])(=O)=O
176,DB00465,Ketorolac,OC(=O)C1CCN2C1=CC=C2C(=O)C1=CC=CC=C1
177,DB00468,Quinine,[H][C@]1(C[C@@H]2CC[N@]1C[C@@H]2C=C)[C@H](O)C1=CC=NC2=CC=C(OC)C=C12
178,DB00470,Dronabinol,[H][C@@]12C=C(C)CC[C@@]1([H])C(C)(C)OC1=C2C(O)=CC(CCCCC)=C1
179,DB00471,Montelukast,OC(=O)CC1(CC1)CS[C@H](CCC1=CC=CC=C1C(O)(C)C)C1=CC=CC(\C=C\C2=NC3=C(C=CC(Cl)=C3)C=C2)=C1
180,DB00472,Fluoxetine,CNCCC(OC1=CC=C(C=C1)C(F)(F)F)C1=CC=CC=C1
181,DB00475,Chlordiazepoxide,CNC1=NC2=C(C=C(Cl)C=C2)C(C2=CC=CC=C2)=[N+]([O-])C1
182,DB00476,Duloxetine,CNCC[C@H](OC1=CC=CC2=CC=CC=C12)C1=CC=CS1
183,DB00477,Chlorpromazine,CN(C)CCCN1C2=CC=CC=C2SC2=C1C=C(Cl)C=C2
184,DB00480,Lenalidomide,NC1=CC=CC2=C1CN(C1CCC(=O)NC1=O)C2=O
185,DB00481,Raloxifene,OC1=CC=C(C=C1)C1=C(C(=O)C2=CC=C(OCCN3CCCCC3)C=C2)C2=C(S1)C=C(O)C=C2
186,DB00482,Celecoxib,CC1=CC=C(C=C1)C1=CC(=NN1C1=CC=C(C=C1)S(N)(=O)=O)C(F)(F)F
187,DB00484,Brimonidine,BrC1=C(NC2=NCCN2)C=CC2=NC=CN=C12
188,DB00489,Sotalol,CC(C)NCC(O)C1=CC=C(NS(C)(=O)=O)C=C1
189,DB00490,Buspirone,O=C1CC2(CCCC2)CC(=O)N1CCCCN1CCN(CC1)C1=NC=CC=N1
190,DB00491,Miglitol,OCCN1C[C@H](O)[C@@H](O)[C@H](O)[C@H]1CO
191,DB00492,Fosinopril,CCC(=O)O[C@@H](OP(=O)(CCCCC1=CC=CC=C1)CC(=O)N1C[C@@H](C[C@H]1C(O)=O)C1CCCCC1)C(C)C
192,DB00494,Entacapone,CCN(CC)C(=O)C(=C\C1=CC(=C(O)C(O)=C1)[N+]([O-])=O)\C#N
193,DB00497,Oxycodone,COC1=C2O[C@H]3C(=O)CC[C@@]4(O)[C@H]5CC(C=C1)=C2[C@@]34CCN5C
194,DB00499,Flutamide,CC(C)C(=O)NC1=CC(=C(C=C1)[N+]([O-])=O)C(F)(F)F
195,DB00500,Tolmetin,CN1C(CC(O)=O)=CC=C1C(=O)C1=CC=C(C)C=C1
196,DB00501,Cimetidine,CN\C(NCCSCC1=C(C)NC=N1)=N\C#N
197,DB00502,Haloperidol,OC1(CCN(CCCC(=O)C2=CC=C(F)C=C2)CC1)C1=CC=C(Cl)C=C1
198,DB00508,Triflupromazine,CN(C)CCCN1C2=CC=CC=C2SC2=C1C=C(C=C2)C(F)(F)F
199,DB00514,Dextromethorphan,[H][C@]12CCCC[C@]11CCN(C)[C@H]2CC2=C1C=C(OC)C=C2
200,DB00515,Cisplatin,[NH2-].[NH2-].Cl[Pt+2]Cl
201,DB00519,Trandolapril,[H][C@@]12C[C@H](N(C(=O)[C@H](C)N[C@@H](CCC3=CC=CC=C3)C(=O)OCC)[C@@]1([H])CCCC2)C(O)=O
202,DB00521,Carteolol,CC(C)(C)NCC(O)COC1=CC=CC2=C1CCC(=O)N2
203,DB00523,Alitretinoin,C\C(\C=C\C1=C(C)CCCC1(C)C)=C\C=C\C(\C)=C\C(O)=O
204,DB00524,Metolazone,CC1NC2=CC(Cl)=C(C=C2C(=O)N1C1=CC=CC=C1C)S(N)(=O)=O
205,DB00527,Cinchocaine,CCCCOC1=NC2=CC=CC=C2C(=C1)C(=O)NCCN(CC)CC
206,DB00530,Erlotinib,COCCOC1=CC2=C(C=C1OCCOC)C(NC1=CC(=CC=C1)C#C)=NC=N2
207,DB00532,Mephenytoin,CCC1(NC(=O)N(C)C1=O)C1=CC=CC=C1
208,DB00533,Rofecoxib,CS(=O)(=O)C1=CC=C(C=C1)C1=C(C(=O)OC1)C1=CC=CC=C1
209,DB00535,Cefdinir,[H][C@]12SCC(C=C)=C(N1C(=O)[C@H]2NC(=O)C(=N/O)\C1=CSC(N)=N1)C(O)=O
210,DB00536,Guanidine,NC(N)=N
211,DB00537,Ciprofloxacin,OC(=O)C1=CN(C2CC2)C2=CC(N3CCNCC3)=C(F)C=C2C1=O
212,DB00540,Nortriptyline,CNCCC=C1C2=CC=CC=C2CCC2=CC=CC=C12
213,DB00541,Vincristine,[H][C@@]12N3CC[C@@]11C4=C(C=C(OC)C(=C4)[C@]4(C[C@H]5C[N@](C[C@](O)(CC)C5)CCC5=C4NC4=CC=CC=C54)C(=O)OC)N(C=O)[C@@]1([H])[C@](O)([C@H](OC(C)=O)[C@]2(CC)C=CC3)C(=O)OC
214,DB00542,Benazepril,[H][C@@]1(CCC2=CC=CC=C2N(CC(O)=O)C1=O)N[C@@H](CCC1=CC=CC=C1)C(=O)OCC
215,DB00544,Fluorouracil,FC1=CNC(=O)NC1=O
216,DB00545,Pyridostigmine,CN(C)C(=O)OC1=C[N+](C)=CC=C1
217,DB00547,Desoximetasone,[H][C@@]12C[C@@H](C)[C@H](C(=O)CO)[C@@]1(C)C[C@H](O)[C@@]1(F)[C@@]2([H])CCC2=CC(=O)C=C[C@]12C
218,DB00548,Azelaic acid,OC(=O)CCCCCCCC(O)=O
219,DB00549,Zafirlukast,COC1=CC(=CC=C1CC1=CN(C)C2=C1C=C(NC(=O)OC1CCCC1)C=C2)C(=O)NS(=O)(=O)C1=CC=CC=C1C
220,DB00550,Propylthiouracil,CCCC1=CC(=O)NC(=S)N1
221,DB00552,Pentostatin,OC[C@H]1O[C@H](C[C@@H]1O)N1C=NC2=C1N=CNC[C@H]2O
222,DB00554,Piroxicam,CN1C(C(=O)NC2=NC=CC=C2)=C(O)C2=C(C=CC=C2)S1(=O)=O
223,DB00555,Lamotrigine,NC1=NC(N)=C(N=N1)C1=C(Cl)C(Cl)=CC=C1
224,DB00557,Hydroxyzine,OCCOCCN1CCN(CC1)C(C1=CC=CC=C1)C1=CC=C(Cl)C=C1
225,DB00559,Bosentan,COC1=CC=CC=C1OC1=C(NS(=O)(=O)C2=CC=C(C=C2)C(C)(C)C)N=C(N=C1OCCO)C1=NC=CC=N1
226,DB00563,Methotrexate,CN(CC1=CN=C2N=C(N)N=C(N)C2=N1)C1=CC=C(C=C1)C(=O)N[C@@H](CCC(O)=O)C(O)=O
227,DB00564,Carbamazepine,NC(=O)N1C2=CC=CC=C2C=CC2=CC=CC=C12
228,DB00569,Fondaparinux,CO[C@H]1O[C@H](COS(O)(=O)=O)[C@@H](O[C@@H]2O[C@H]([C@@H](O[C@H]3O[C@H](COS(O)(=O)=O)[C@@H](O[C@@H]4O[C@@H]([C@@H](O[C@H]5O[C@H](COS(O)(=O)=O)[C@@H](O)[C@H](O)[C@H]5NS(O)(=O)=O)[C@H](O)[C@H]4O)C(O)=O)[C@H](OS(O)(=O)=O)[C@H]3NS(O)(=O)=O)[C@H](O)[C@H]2OS(O)(=O)=O)C(O)=O)[C@H](O)[C@H]1NS(O)(=O)=O
229,DB00570,Vinblastine,[H][C@@]12N(C)C3=CC(OC)=C(C=C3[C@@]11CCN3CC=C[C@@](CC)([C@@H](OC(C)=O)[C@]2(O)C(=O)OC)[C@@]13[H])[C@]1(C[C@@]2([H])CN(C[C@](O)(CC)C2)CCC2=C1NC1=C2C=CC=C1)C(=O)OC
230,DB00571,Propranolol,CC(C)NCC(O)COC1=CC=CC2=C1C=CC=C2
231,DB00572,Atropine,CN1[C@H]2CC[C@@H]1C[C@@H](C2)OC(=O)C(CO)C1=CC=CC=C1
232,DB00573,Fenoprofen,CC(C(O)=O)C1=CC(OC2=CC=CC=C2)=CC=C1
233,DB00575,Clonidine,ClC1=CC=CC(Cl)=C1NC1=NCCN1
234,DB00580,Valdecoxib,CC1=C(C(=NO1)C1=CC=CC=C1)C1=CC=C(C=C1)S(N)(=O)=O
235,DB00583,Levocarnitine,C[N+](C)(C)C[C@H](O)CC([O-])=O
236,DB00584,Enalapril,CCOC(=O)[C@H](CCC1=CC=CC=C1)N[C@@H](C)C(=O)N1CCC[C@H]1C(O)=O
237,DB00585,Nizatidine,CNC(NCCSCC1=CSC(CN(C)C)=N1)=C[N+]([O-])=O
238,DB00586,Diclofenac,OC(=O)CC1=CC=CC=C1NC1=C(Cl)C=CC=C1Cl
239,DB00588,Fluticasone propionate,[H][C@@]12C[C@@H](C)[C@](OC(=O)CC)(C(=O)SCF)[C@@]1(C)C[C@H](O)[C@@]1(F)[C@@]2([H])C[C@H](F)C2=CC(=O)C=C[C@]12C
240,DB00590,Doxazosin,COC1=C(OC)C=C2C(N)=NC(=NC2=C1)N1CCN(CC1)C(=O)C1COC2=CC=CC=C2O1
241,DB00591,Fluocinolone acetonide,[H][C@@]12C[C@@]3([H])[C@]4([H])C[C@H](F)C5=CC(=O)C=C[C@]5(C)[C@@]4(F)[C@@H](O)C[C@]3(C)[C@@]1(OC(C)(C)O2)C(=O)CO
242,DB00593,Ethosuximide,CCC1(C)CC(=O)NC1=O
243,DB00594,Amiloride,NC(=N)NC(=O)C1=NC(Cl)=C(N)N=C1N
244,DB00596,Ulobetasol,[H][C@@]12C[C@H](C)[C@](O)(C(=O)CCl)[C@@]1(C)C[C@H](O)[C@@]1(F)[C@@]2([H])C[C@H](F)C2=CC(=O)C=C[C@]12C
245,DB00598,Labetalol,CC(CCC1=CC=CC=C1)NCC(O)C1=CC(C(N)=O)=C(O)C=C1
246,DB00603,Medroxyprogesterone acetate,[H][C@@]12CC[C@](OC(C)=O)(C(C)=O)[C@@]1(C)CC[C@@]1([H])[C@@]2([H])C[C@H](C)C2=CC(=O)CC[C@]12C
247,DB00604,Cisapride,CO[C@H]1CN(CCCOC2=CC=C(F)C=C2)CC[C@H]1NC(=O)C1=CC(Cl)=C(N)C=C1OC
248,DB00605,Sulindac,CC1=C(CC(O)=O)C2=CC(F)=CC=C2\C1=C/C1=CC=C(C=C1)S(C)=O
249,DB00608,Chloroquine,CCN(CC)CCCC(C)NC1=CC=NC2=CC(Cl)=CC=C12
250,DB00611,Butorphanol,[H][C@@]12CC3=C(C=C(O)C=C3)[C@]3(CCCC[C@@]13O)CCN2CC1CCC1
251,DB00612,Bisoprolol,CC(C)NCC(O)COC1=CC=C(COCCOC(C)C)C=C1
252,DB00619,Imatinib,CN1CCN(CC2=CC=C(C=C2)C(=O)NC2=CC(NC3=NC=CC(=N3)C3=CN=CC=C3)=C(C)C=C2)CC1
253,DB00620,Triamcinolone,[H][C@@]12C[C@@H](O)[C@](O)(C(=O)CO)[C@@]1(C)C[C@H](O)[C@@]1(F)[C@@]2([H])CCC2=CC(=O)C=C[C@]12C
254,DB00622,Nicardipine,COC(=O)C1=C(C)NC(C)=C(C1C1=CC(=CC=C1)[N+]([O-])=O)C(=O)OCCN(C)CC1=CC=CC=C1
255,DB00623,Fluphenazine,OCCN1CCN(CCCN2C3=CC=CC=C3SC3=C2C=C(C=C3)C(F)(F)F)CC1
256,DB00624,Testosterone,[H][C@@]12CC[C@H](O)[C@@]1(C)CC[C@@]1([H])[C@@]2([H])CCC2=CC(=O)CC[C@]12C
257,DB00627,Niacin,OC(=O)C1=CN=CC=C1
258,DB00630,Alendronic acid,NCCCC(O)(P(O)(O)=O)P(O)(O)=O
259,DB00631,Clofarabine,[H][C@]1(F)[C@H](O)[C@@H](CO)O[C@H]1N1C=NC2=C(N)N=C(Cl)N=C12
260,DB00635,Prednisone,[H][C@@]12CC[C@](O)(C(=O)CO)[C@@]1(C)CC(=O)[C@@]1([H])[C@@]2([H])CCC2=CC(=O)C=C[C@]12C
261,DB00636,Clofibrate,CCOC(=O)C(C)(C)OC1=CC=C(Cl)C=C1
262,DB00637,Astemizole,COC1=CC=C(CCN2CCC(CC2)NC2=NC3=CC=CC=C3N2CC2=CC=C(F)C=C2)C=C1
263,DB00640,Adenosine,NC1=C2N=CN([C@@H]3O[C@H](CO)[C@@H](O)[C@H]3O)C2=NC=N1
264,DB00641,Simvastatin,[H][C@]12[C@H](C[C@@H](C)C=C1C=C[C@H](C)[C@@H]2CC[C@@H]1C[C@@H](O)CC(=O)O1)OC(=O)C(C)(C)CC
265,DB00642,Pemetrexed,NC1=NC(=O)C2=C(NC=C2CCC2=CC=C(C=C2)C(=O)N[C@@H](CCC(O)=O)C(O)=O)N1
266,DB00644,Gonadorelin,CC(C)CC(NC(=O)CNC(=O)C(CC1=CC=C(O)C=C1)NC(=O)C(CO)NC(=O)C(CC1=CNC2=CC=CC=C12)NC(=O)C(CC1=CN=CN1)NC(=O)C1CCC(=O)N1)C(=O)NC(CCCN=C(N)N)C(=O)N1CCCC1C(=O)NCC(N)=O
267,DB00647,Dextropropoxyphene,CCC(=O)O[C@@](CC1=CC=CC=C1)([C@H](C)CN(C)C)C1=CC=CC=C1
268,DB00650,Leucovorin,[H]C(=O)N1C(CNC2=CC=C(C=C2)C(=O)N[C@@H](CCC(O)=O)C(O)=O)CNC2=C1C(=O)NC(N)=N2
269,DB00651,Dyphylline,CN1C2=C(N(CC(O)CO)C=N2)C(=O)N(C)C1=O
270,DB00652,Pentazocine,CC1C2CC3=C(C=C(O)C=C3)C1(C)CCN2CC=C(C)C
271,DB00653,Magnesium sulfate,[Mg++].[O-]S([O-])(=O)=O
272,DB00654,Latanoprost,CC(C)OC(=O)CCC\C=C/C[C@H]1[C@@H](O)C[C@@H](O)[C@@H]1CC[C@@H](O)CCC1=CC=CC=C1
273,DB00655,Estrone,[H][C@@]12CCC(=O)[C@@]1(C)CC[C@]1([H])C3=C(CC[C@@]21[H])C=C(O)C=C3
274,DB00657,Mecamylamine,CNC1(C)C2CCC(C2)C1(C)C
275,DB00659,Acamprosate,CC(=O)NCCCS(O)(=O)=O
276,DB00661,Verapamil,COC1=C(OC)C=C(CCN(C)CCCC(C#N)(C(C)C)C2=CC(OC)=C(OC)C=C2)C=C1
277,DB00668,Epinephrine,CNC[C@H](O)C1=CC(O)=C(O)C=C1
278,DB00669,Sumatriptan,CNS(=O)(=O)CC1=CC=C2NC=C(CCN(C)C)C2=C1
279,DB00672,Chlorpropamide,CCCNC(=O)NS(=O)(=O)C1=CC=C(Cl)C=C1
280,DB00674,Galantamine,[H][C@]12C[C@@H](O)C=C[C@]11CCN(C)CC3=C1C(O2)=C(OC)C=C3
281,DB00675,Tamoxifen,CC\C(=C(/C1=CC=CC=C1)C1=CC=C(OCCN(C)C)C=C1)C1=CC=CC=C1
282,DB00678,Losartan,CCCCC1=NC(Cl)=C(CO)N1CC1=CC=C(C=C1)C1=CC=CC=C1C1=NNN=N1
283,DB00679,Thioridazine,CSC1=CC2=C(SC3=CC=CC=C3N2CCC2CCCCN2C)C=C1
284,DB00682,Warfarin,CC(=O)CC(C1=CC=CC=C1)C1=C(O)C2=C(OC1=O)C=CC=C2
285,DB00686,Pentosan polysulfate,O[C@@H]1CO[C@@H](O[C@@H]2CO[C@@H](O)[C@H](OS(O)(=O)=O)[C@H]2OS(O)(=O)=O)[C@H](OS(O)(=O)=O)[C@H]1OS(O)(=O)=O
286,DB00687,Fludrocortisone,[H][C@@]12CC[C@](O)(C(=O)CO)[C@@]1(C)C[C@H](O)[C@@]1(F)[C@@]2([H])CCC2=CC(=O)CC[C@]12C
287,DB00691,Moexipril,CCOC(=O)[C@H](CCC1=CC=CC=C1)N[C@@H](C)C(=O)N1CC2=CC(OC)=C(OC)C=C2C[C@H]1C(O)=O
288,DB00692,Phentolamine,CC1=CC=C(C=C1)N(CC1=NCCN1)C1=CC(O)=CC=C1
289,DB00694,Daunorubicin,COC1=CC=CC2=C1C(=O)C1=C(O)C3=C(C[C@](O)(C[C@@H]3O[C@H]3C[C@H](N)[C@H](O)[C@H](C)O3)C(C)=O)C(O)=C1C2=O
290,DB00695,Furosemide,NS(=O)(=O)C1=C(Cl)C=C(NCC2=CC=CO2)C(=C1)C(O)=O
291,DB00696,Ergotamine,[H][C@@]12CCCN1C(=O)[C@H](CC1=CC=CC=C1)N1C(=O)[C@](C)(NC(=O)[C@H]3CN(C)[C@]4([H])CC5=CNC6=CC=CC(=C56)C4=C3)O[C@@]21O
292,DB00697,Tizanidine,ClC1=C(NC2=NCCN2)C2=NSN=C2C=C1
293,DB00704,Naltrexone,[H][C@@]12OC3=C(O)C=CC4=C3[C@@]11CCN(CC3CC3)[C@]([H])(C4)[C@]1(O)CCC2=O
294,DB00706,Tamsulosin,CCOC1=CC=CC=C1OCCN[C@H](C)CC1=CC(=C(OC)C=C1)S(N)(=O)=O
295,DB00707,Porfimer sodium,CC1=C(C2=CC3=NC(=CC4=NC(=CC5=C(C(=C(N5)C=C1N2)C(C)OC(C)C6=C(C7=CC8=C(C(=C(N8)C=C9C(=C(C(=N9)C=C1C(=C(C(=N1)C=C6N7)C)CCC(=O)O)CCC(=O)O)C)C)C(C)O)C)C)C(=C4CCC(=O)O)C)C(=C3C)CCC(=O)O)C(C)O
296,DB00710,Ibandronate,CCCCCN(C)CCC(O)(P(O)(O)=O)P(O)(O)=O
297,DB00712,Flurbiprofen,CC(C(O)=O)C1=CC(F)=C(C=C1)C1=CC=CC=C1
298,DB00714,Apomorphine,[H][C@]12CC3=C(C(O)=C(O)C=C3)C3=CC=CC(CCN1C)=C23
299,DB00715,Paroxetine,FC1=CC=C(C=C1)[C@@H]1CCNC[C@H]1COC1=CC2=C(OCO2)C=C1
300,DB00716,Nedocromil,CCCC1=C2N(CC)C(=CC(=O)C2=CC2=C1OC(=CC2=O)C(O)=O)C(O)=O
301,DB00717,Norethisterone,[H][C@@]12CC[C@@](O)(C#C)[C@@]1(C)CC[C@]1([H])[C@@]3([H])CCC(=O)C=C3CC[C@@]21[H]
302,DB00721,Procaine,CCN(CC)CCOC(=O)C1=CC=C(N)C=C1
303,DB00722,Lisinopril,NCCCC[C@H](N[C@@H](CCC1=CC=CC=C1)C(O)=O)C(=O)N1CCC[C@H]1C(O)=O
304,DB00724,Imiquimod,CC(C)CN1C=NC2=C1C1=C(C=CC=C1)N=C2N
305,DB00727,Nitroglycerin,[O-][N+](=O)OCC(CO[N+]([O-])=O)O[N+]([O-])=O
306,DB00731,Nateglinide,CC(C)[C@H]1CC[C@@H](CC1)C(=O)N[C@H](CC1=CC=CC=C1)C(O)=O
307,DB00733,Pralidoxime,C[N+]1=C(\C=N\O)C=CC=C1
308,DB00734,Risperidone,CC1=C(CCN2CCC(CC2)C2=NOC3=C2C=CC(F)=C3)C(=O)N2CCCCC2=N1
309,DB00736,Esomeprazole,COC1=CC2=C(NC(=N2)[S@@](=O)CC2=NC=C(C)C(OC)=C2C)C=C1
310,DB00741,Hydrocortisone,[H][C@@]12CC[C@](O)(C(=O)CO)[C@@]1(C)C[C@H](O)[C@@]1([H])[C@@]2([H])CCC2=CC(=O)CC[C@]12C
311,DB00744,Zileuton,CC(N(O)C(N)=O)C1=CC2=CC=CC=C2S1
312,DB00745,Modafinil,NC(=O)CS(=O)C(C1=CC=CC=C1)C1=CC=CC=C1
313,DB00747,Scopolamine,CN1[C@H]2C[C@@H](C[C@@H]1[C@H]1O[C@@H]21)OC(=O)[C@H](CO)C1=CC=CC=C1
314,DB00749,Etodolac,CCC1=C2NC3=C(CCOC3(CC)CC(O)=O)C2=CC=C1
315,DB00750,Prilocaine,CCCNC(C)C(=O)NC1=CC=CC=C1C
316,DB00754,Ethotoin,CCN1C(=O)NC(C1=O)C1=CC=CC=C1
317,DB00755,Tretinoin,C\C(\C=C\C1=C(C)CCCC1(C)C)=C/C=C/C(/C)=C/C(O)=O
318,DB00757,Dolasetron,[H][C@@]1(C[C@@]2([H])C[C@]3([H])C[C@@]([H])(C1)N2CC3=O)OC(=O)C1=CNC2=C1C=CC=C2
319,DB00758,Clopidogrel,[H][C@@](N1CCC2=C(C1)C=CS2)(C(=O)OC)C1=CC=CC=C1Cl
320,DB00759,Tetracycline,[H][C@@]12C[C@@]3([H])C(=C(O)[C@]1(O)C(=O)C(C(N)=O)=C(O)[C@H]2N(C)C)C(=O)C1=C(O)C=CC=C1[C@@]3(C)O
321,DB00762,Irinotecan,CCC1=C2CN3C(=CC4=C(COC(=O)[C@]4(O)CC)C3=O)C2=NC2=CC=C(OC(=O)N3CCC(CC3)N3CCCCC3)C=C12
322,DB00763,Methimazole,CN1C=CNC1=S
323,DB00764,Mometasone,[H][C@@]12C[C@@H](C)[C@](O)(C(=O)CCl)[C@@]1(C)C[C@H](O)[C@@]1(Cl)[C@@]2([H])CCC2=CC(=O)C=C[C@]12C
324,DB00765,Metyrosine,C[C@](N)(CC1=CC=C(O)C=C1)C(O)=O
325,DB00767,Benzquinamide,CCN(CC)C(=O)C1CN2CCC3=CC(OC)=C(OC)C=C3C2CC1OC(C)=O
326,DB00771,Clidinium,C[N@@+]12CC[C@@H](CC1)C(C2)OC(=O)C(O)(C1=CC=CC=C1)C1=CC=CC=C1
327,DB00773,Etoposide,[H][C@]12COC(=O)[C@]1([H])[C@H](C1=CC(OC)=C(O)C(OC)=C1)C1=CC3=C(OCO3)C=C1[C@H]2O[C@@H]1O[C@]2([H])CO[C@@H](C)O[C@@]2([H])[C@H](O)[C@H]1O
328,DB00775,Tirofiban,CCCCS(=O)(=O)N[C@@H](CC1=CC=C(OCCCCC2CCNCC2)C=C1)C(O)=O
329,DB00776,Oxcarbazepine,NC(=O)N1C2=CC=CC=C2CC(=O)C2=C1C=CC=C2
330,DB00783,Estradiol,[H][C@@]12CC[C@H](O)[C@@]1(C)CC[C@]1([H])C3=C(CC[C@@]21[H])C=C(O)C=C3
331,DB00787,Acyclovir,NC1=NC(=O)C2=C(N1)N(COCCO)C=N2
332,DB00788,Naproxen,COC1=CC2=C(C=C1)C=C(C=C2)[C@H](C)C(O)=O
333,DB00790,Perindopril,[H][C@]12C[C@H](N(C(=O)[C@H](C)N[C@@H](CCC)C(=O)OCC)[C@@]1([H])CCCC2)C(O)=O
334,DB00794,Primidone,CCC1(C(=O)NCNC1=O)C1=CC=CC=C1
335,DB00795,Sulfasalazine,OC(=O)C1=CC(=CC=C1O)\N=N\C1=CC=C(C=C1)S(=O)(=O)NC1=NC=CC=C1
336,DB00800,Fenoldopam,OC1=CC=C(C=C1)C1CNCCC2=C(Cl)C(O)=C(O)C=C12
337,DB00804,Dicyclomine,CCN(CC)CCOC(=O)C1(CCCCC1)C1CCCCC1
338,DB00806,Pentoxifylline,CN1C=NC2=C1C(=O)N(CCCCC(C)=O)C(=O)N2C
339,DB00808,Indapamide,CC1CC2=CC=CC=C2N1NC(=O)C1=CC(=C(Cl)C=C1)S(N)(=O)=O
340,DB00810,Biperiden,OC(CCN1CCCCC1)(C1CC2CC1C=C2)C1=CC=CC=C1
341,DB00813,Fentanyl,CCC(=O)N(C1CCN(CCC2=CC=CC=C2)CC1)C1=CC=CC=C1
342,DB00814,Meloxicam,CN1C(C(=O)NC2=NC=C(C)S2)=C(O)C2=C(C=CC=C2)S1(=O)=O
343,DB00816,Orciprenaline,CC(C)NCC(O)C1=CC(O)=CC(O)=C1
344,DB00819,Acetazolamide,CC(=O)NC1=NN=C(S1)S(N)(=O)=O
345,DB00820,Tadalafil,[H][C@]12CC3=C(NC4=CC=CC=C34)[C@H](N1C(=O)CN(C)C2=O)C1=CC2=C(OCO2)C=C1
346,DB00822,Disulfiram,CCN(CC)C(=S)SSC(=S)N(CC)CC
347,DB00829,Diazepam,CN1C2=C(C=C(Cl)C=C2)C(=NCC1=O)C1=CC=CC=C1
348,DB00831,Trifluoperazine,CN1CCN(CCCN2C3=CC=CC=C3SC3=C2C=C(C=C3)C(F)(F)F)CC1
349,DB00839,Tolazamide,CC1=CC=C(C=C1)S(=O)(=O)NC(=O)NN1CCCCCC1
350,DB00843,Donepezil,COC1=C(OC)C=C2C(=O)C(CC3CCN(CC4=CC=CC=C4)CC3)CC2=C1
351,DB00844,Nalbuphine,O[C@H]1CC[C@@]2(O)[C@H]3CC4=CC=C(O)C5=C4[C@@]2(CCN3CC2CCC2)[C@H]1O5
352,DB00846,Flurandrenolide,CC1(C)O[C@@H]2C[C@H]3[C@@H]4C[C@H](F)C5=CC(=O)CC[C@]5(C)[C@H]4[C@@H](O)C[C@]3(C)[C@@]2(O1)C(=O)CO
353,DB00848,Levamisole,C1CN2C[C@@H](N=C2S1)C1=CC=CC=C1
354,DB00851,Dacarbazine,CN(C)\N=N\C1=C(N=CN1)C(N)=O
355,DB00852,Pseudoephedrine,CN[C@@H](C)[C@@H](O)C1=CC=CC=C1
356,DB00853,Temozolomide,CN1N=NC2=C(N=CN2C1=O)C(N)=O
357,DB00860,Prednisolone,[H][C@@]12CC[C@](O)(C(=O)CO)[C@@]1(C)C[C@H](O)[C@@]1([H])[C@@]2([H])CCC2=CC(=O)C=C[C@]12C
358,DB00861,Diflunisal,OC(=O)C1=C(O)C=CC(=C1)C1=C(F)C=C(F)C=C1
359,DB00863,Ranitidine,CNC(NCCSCC1=CC=C(CN(C)C)O1)=C[N+]([O-])=O
360,DB00864,Tacrolimus,CO[C@@H]1C[C@@H](CC[C@H]1O)\C=C(/C)[C@H]1OC(=O)[C@@H]2CCCCN2C(=O)C(=O)[C@]2(O)O[C@@H]([C@H](C[C@H]2C)OC)[C@H](C[C@@H](C)C\C(C)=C\[C@@H](CC=C)C(=O)C[C@H](O)[C@H]1C)OC
361,DB00865,Benzphetamine,C[C@@H](CC1=CC=CC=C1)N(C)CC1=CC=CC=C1
362,DB00868,Benzonatate,CCCCNC1=CC=C(C=C1)C(=O)OCCOCCOCCOCCOCCOCCOCCOCCOCCOC
363,DB00869,Dorzolamide,CCN[C@H]1C[C@H](C)S(=O)(=O)C2=C1C=C(S2)S(N)(=O)=O
364,DB00871,Terbutaline,CC(C)(C)NCC(O)C1=CC(O)=CC(O)=C1
365,DB00876,Eprosartan,CCCCC1=NC=C(\C=C(/CC2=CC=CS2)C(O)=O)N1CC1=CC=C(C=C1)C(O)=O
366,DB00880,Chlorothiazide,NS(=O)(=O)C1=C(Cl)C=C2NC=NS(=O)(=O)C2=C1
367,DB00881,Quinapril,CCOC(=O)[C@H](CCC1=CC=CC=C1)N[C@@H](C)C(=O)N1CC2=CC=CC=C2C[C@H]1C(O)=O
368,DB00882,Clomifene,CCN(CC)CCOC1=CC=C(C=C1)C(=C(Cl)C1=CC=CC=C1)C1=CC=CC=C1
369,DB00883,Isosorbide dinitrate,[H][C@]12OC[C@H](O[N+]([O-])=O)[C@@]1([H])OC[C@H]2O[N+]([O-])=O
370,DB00884,Risedronic acid,OC(CC1=CN=CC=C1)(P(O)(O)=O)P(O)(O)=O
371,DB00887,Bumetanide,CCCCNC1=C(OC2=CC=CC=C2)C(=CC(=C1)C(O)=O)S(N)(=O)=O
372,DB00889,Granisetron,CN1N=C(C(=O)N[C@@H]2C[C@@H]3CCC[C@H](C2)N3C)C2=C1C=CC=C2
373,DB00898,Ethanol,CCO
374,DB00899,Remifentanil,CCC(=O)N(C1=CC=CC=C1)C1(CCN(CCC(=O)OC)CC1)C(=O)OC
375,DB00901,Bitolterol,CC1=CC=C(C=C1)C(=O)OC1=C(OC(=O)C2=CC=C(C)C=C2)C=C(C=C1)C(O)CNC(C)(C)C
376,DB00903,Etacrynic acid,CCC(=C)C(=O)C1=C(Cl)C(Cl)=C(OCC(O)=O)C=C1
377,DB00904,Ondansetron,CN1C2=C(C3=CC=CC=C13)C(=O)C(CN1C=CN=C1C)CC2
378,DB00905,Bimatoprost,CCNC(=O)CCC\C=C/C[C@H]1[C@@H](O)C[C@@H](O)[C@@H]1\C=C\[C@@H](O)CCC1=CC=CC=C1
379,DB00906,Tiagabine,CC1=C(SC=C1)C(=CCCN1CCC[C@H](C1)C(O)=O)C1=C(C)C=CS1
380,DB00907,Cocaine,[H][C@]12CC[C@]([H])([C@H]([C@H](C1)OC(=O)C1=CC=CC=C1)C(=O)OC)N2C
381,DB00908,Quinidine,[H][C@@]12CCN(C[C@@H]1C=C)[C@]([H])(C2)[C@@H](O)C1=C2C=C(OC)C=CC2=NC=C1
382,DB00909,Zonisamide,NS(=O)(=O)CC1=NOC2=CC=CC=C12
383,DB00912,Repaglinide,CCOC1=C(C=CC(CC(=O)N[C@@H](CC(C)C)C2=CC=CC=C2N2CCCCC2)=C1)C(O)=O
384,DB00915,Amantadine,NC12CC3CC(CC(C3)C1)C2
385,DB00917,Dinoprostone,CCCCC[C@H](O)\C=C\[C@H]1[C@H](O)CC(=O)[C@@H]1C\C=C/CCCC(O)=O
386,DB00918,Almotriptan,CN(C)CCC1=CNC2=C1C=C(CS(=O)(=O)N1CCCC1)C=C2
387,DB00921,Buprenorphine,CO[C@]12CC[C@@]3(C[C@@H]1[C@](C)(O)C(C)(C)C)[C@H]1CC4=C5C(O[C@@H]2[C@@]35CCN1CC1CC1)=C(O)C=C4
388,DB00924,Cyclobenzaprine,CN(C)CCC=C1C2=CC=CC=C2C=CC2=CC=CC=C12
389,DB00925,Phenoxybenzamine,CC(COC1=CC=CC=C1)N(CCCl)CC1=CC=CC=C1
390,DB00927,Famotidine,NC(N)=NC1=NC(CSCCC(N)=NS(N)(=O)=O)=CS1
391,DB00928,Azacitidine,NC1=NC(=O)N(C=N1)[C@@H]1O[C@H](CO)[C@@H](O)[C@H]1O
392,DB00929,Misoprostol,CCCCC(C)(O)C\C=C\[C@H]1[C@H](O)CC(=O)[C@@H]1CCCCCCC(=O)OC
393,DB00933,Mesoridazine,CN1CCCCC1CCN1C2=C(SC3=C1C=C(C=C3)S(C)=O)C=CC=C2
394,DB00936,Salicylic acid,OC(=O)C1=CC=CC=C1O
395,DB00937,Diethylpropion,CCN(CC)C(C)C(=O)C1=CC=CC=C1
396,DB00938,Salmeterol,OCC1=C(O)C=CC(=C1)C(O)CNCCCCCCOCCCCC1=CC=CC=C1
397,DB00939,Meclofenamic acid,CC1=C(Cl)C(NC2=CC=CC=C2C(O)=O)=C(Cl)C=C1
398,DB00945,Acetylsalicylic acid,CC(=O)OC1=CC=CC=C1C(O)=O
399,DB00947,Fulvestrant,[H][C@@]12CC[C@H](O)[C@@]1(C)CC[C@]1([H])C3=CC=C(O)C=C3C[C@@H](CCCCCCCCCS(=O)CCCC(F)(F)C(F)(F)F)[C@@]21[H]
400,DB00949,Felbamate,NC(=O)OCC(COC(N)=O)C1=CC=CC=C1
401,DB00952,Naratriptan,CNS(=O)(=O)CCC1=CC2=C(NC=C2C2CCN(C)CC2)C=C1
402,DB00953,Rizatriptan,CN(C)CCC1=CNC2=C1C=C(CN1C=NC=N1)C=C2
403,DB00956,Hydrocodone,[H][C@@]12OC3=C(OC)C=CC4=C3[C@@]11CCN(C)[C@]([H])(C4)[C@]1([H])CCC2=O
404,DB00957,Norgestimate,[H][C@@]12CC[C@@](OC(C)=O)(C#C)[C@@]1(CC)CC[C@]1([H])[C@@]3([H])CC\C(C=C3CC[C@@]21[H])=N/O
405,DB00958,Carboplatin,C1CC(C1)(C(=O)O)C(=O)O.N.N.[Pt]
406,DB00959,Methylprednisolone,[H][C@@]12CC[C@](O)(C(=O)CO)[C@@]1(C)C[C@H](O)[C@@]1([H])[C@@]2([H])C[C@H](C)C2=CC(=O)C=C[C@]12C
407,DB00960,Pindolol,CC(C)NCC(O)COC1=CC=CC2=C1C=CN2
408,DB00963,Bromfenac,NC1=C(CC(O)=O)C=CC=C1C(=O)C1=CC=C(Br)C=C1
409,DB00966,Telmisartan,CCCC1=NC2=C(C=C(C=C2C)C2=NC3=CC=CC=C3N2C)N1CC1=CC=C(C=C1)C1=CC=CC=C1C(O)=O
410,DB00968,Methyldopa,C[C@](N)(CC1=CC=C(O)C(O)=C1)C(O)=O
411,DB00969,Alosetron,CN1C2=C(C3=CC=CC=C13)C(=O)N(CC1=C(C)NC=N1)CC2
412,DB00975,Dipyridamole,OCCN(CCO)C1=NC2=C(N=C(N=C2N2CCCCC2)N(CCO)CCO)C(=N1)N1CCCCC1
413,DB00977,Ethinylestradiol,[H][C@@]12CC[C@@](O)(C#C)[C@@]1(C)CC[C@]1([H])C3=C(CC[C@@]21[H])C=C(O)C=C3
414,DB00982,Isotretinoin,C\C(\C=C\C1=C(C)CCCC1(C)C)=C/C=C/C(/C)=C\C(O)=O
415,DB00983,Formoterol,COC1=CC=C(CC(C)NCC(O)C2=CC(NC=O)=C(O)C=C2)C=C1
416,DB00987,Cytarabine,NC1=NC(=O)N(C=C1)[C@@H]1O[C@H](CO)[C@@H](O)[C@@H]1O
417,DB00988,Dopamine,NCCC1=CC(O)=C(O)C=C1
418,DB00989,Rivastigmine,CCN(C)C(=O)OC1=CC=CC(=C1)[C@H](C)N(C)C
419,DB00990,Exemestane,[H][C@@]12CCC(=O)[C@@]1(C)CC[C@@]1([H])[C@@]2([H])CC(=C)C2=CC(=O)C=C[C@]12C
420,DB00991,Oxaprozin,OC(=O)CCC1=NC(=C(O1)C1=CC=CC=C1)C1=CC=CC=C1
421,DB00992,Methyl aminolevulinate,COC(=O)CCC(=O)CN
422,DB00993,Azathioprine,CN1C=NC(=C1SC1=NC=NC2=C1NC=N2)[N+]([O-])=O
423,DB00995,Auranofin,CCP(CC)(CC)=[Au]S[C@@H]1O[C@H](COC(C)=O)[C@@H](OC(C)=O)[C@H](OC(C)=O)[C@H]1OC(C)=O
424,DB00996,Gabapentin,NCC1(CC(O)=O)CCCCC1
425,DB00997,Doxorubicin,COC1=CC=CC2=C1C(=O)C1=C(O)C3=C(C[C@](O)(C[C@@H]3O[C@H]3C[C@H](N)[C@H](O)[C@H](C)O3)C(=O)CO)C(O)=C1C2=O
426,DB00998,Frovatriptan,CN[C@@H]1CCC2=C(C1)C1=C(N2)C=CC(=C1)C(N)=O
427,DB00999,Hydrochlorothiazide,NS(=O)(=O)C1=C(Cl)C=C2NCNS(=O)(=O)C2=C1
428,DB01001,Salbutamol,CC(C)(C)NCC(O)C1=CC(CO)=C(O)C=C1
429,DB01002,Levobupivacaine,CCCCN1CCCC[C@H]1C(=O)NC1=C(C)C=CC=C1C
430,DB01003,Cromoglicic acid,OC(COC1=CC=CC2=C1C(=O)C=C(O2)C(O)=O)COC1=CC=CC2=C1C(=O)C=C(O2)C(O)=O
431,DB01005,Hydroxyurea,NC(=O)NO
432,DB01006,Letrozole,N#CC1=CC=C(C=C1)C(N1C=NC=N1)C1=CC=C(C=C1)C#N
433,DB01008,Busulfan,CS(=O)(=O)OCCCCOS(C)(=O)=O
434,DB01009,Ketoprofen,CC(C(O)=O)C1=CC(=CC=C1)C(=O)C1=CC=CC=C1
435,DB01014,Balsalazide,OC(=O)CCNC(=O)C1=CC=C(C=C1)\N=N\C1=CC=C(O)C(=C1)C(O)=O
436,DB01016,Glyburide,COC1=C(C=C(Cl)C=C1)C(=O)NCCC1=CC=C(C=C1)S(=O)(=O)NC(=O)NC1CCCCC1
437,DB01017,Minocycline,[H][C@@]12CC3=C(C(O)=CC=C3N(C)C)C(=O)C1=C(O)[C@]1(O)C(=O)C(C(N)=O)=C(O)[C@@H](N(C)C)[C@]1([H])C2
438,DB01018,Guanfacine,NC(=N)NC(=O)CC1=C(Cl)C=CC=C1Cl
439,DB01019,Bethanechol,CC(C[N+](C)(C)C)OC(N)=O
440,DB01020,Isosorbide mononitrate,[H][C@]12OC[C@@H](O[N+]([O-])=O)[C@@]1([H])OC[C@@H]2O
441,DB01023,Felodipine,CCOC(=O)C1=C(C)NC(C)=C(C1C1=C(Cl)C(Cl)=CC=C1)C(=O)OC
442,DB01029,Irbesartan,CCCCC1=NC2(CCCC2)C(=O)N1CC1=CC=C(C=C1)C1=CC=CC=C1C1=NNN=N1
443,DB01030,Topotecan,CC[C@@]1(O)C(=O)OCC2=C1C=C1N(CC3=CC4=C(C=CC(O)=C4CN(C)C)N=C13)C2=O
444,DB01033,Mercaptopurine,S=C1N=CNC2=C1NC=N2
445,DB01035,Procainamide,CCN(CC)CCNC(=O)C1=CC=C(N)C=C1
446,DB01039,Fenofibrate,CC(C)OC(=O)C(C)(C)OC1=CC=C(C=C1)C(=O)C1=CC=C(Cl)C=C1
447,DB01041,Thalidomide,O=C1N(C2CCC(=O)NC2=O)C(=O)C2=CC=CC=C12
448,DB01042,Melphalan,N[C@@H](CC1=CC=C(C=C1)N(CCCl)CCCl)C(O)=O
449,DB01043,Memantine,CC12CC3CC(C)(C1)CC(N)(C3)C2
450,DB01045,Rifampicin,CO[C@H]1\C=C\O[C@@]2(C)OC3=C(C2=O)C2=C(O)C(\C=N\N4CCN(C)CC4)=C(NC(=O)\C(C)=C/C=C/[C@H](C)[C@H](O)[C@@H](C)[C@@H](O)[C@@H](C)[C@H](OC(C)=O)[C@@H]1C)C(O)=C2C(O)=C3C
451,DB01050,Ibuprofen,CC(C)CC1=CC=C(C=C1)C(C)C(O)=O
452,DB01058,Praziquantel,O=C(C1CCCCC1)N1CC2N(CCC3=CC=CC=C23)C(=O)C1
453,DB01062,Oxybutynin,CCN(CC)CC#CCOC(=O)C(O)(C1CCCCC1)C1=CC=CC=C1
454,DB01063,Acetophenazine,CC(=O)C1=CC=C2SC3=C(C=CC=C3)N(CCCN3CCN(CCO)CC3)C2=C1
455,DB01064,Isoprenaline,CC(C)NCC(O)C1=CC(O)=C(O)C=C1
456,DB01067,Glipizide,CC1=NC=C(N=C1)C(=O)NCCC1=CC=C(C=C1)S(=O)(=O)NC(=O)NC1CCCCC1
457,DB01068,Clonazepam,[O-][N+](=O)C1=CC2=C(NC(=O)CN=C2C2=CC=CC=C2Cl)C=C1
458,DB01069,Promethazine,CC(CN1C2=CC=CC=C2SC2=CC=CC=C12)N(C)C
459,DB01070,Dihydrotachysterol,CC(C)[C@@H](C)\C=C\[C@@H](C)[C@@]1([H])CC[C@@]2([H])\C(CCC[C@]12C)=C\C=C1/C[C@@H](O)CC[C@@H]1C
460,DB01072,Atazanavir,COC(=O)N[C@H](C(=O)N[C@@H](CC1=CC=CC=C1)[C@@H](O)CN(CC1=CC=C(C=C1)C1=CC=CC=N1)NC(=O)[C@@H](NC(=O)OC)C(C)(C)C)C(C)(C)C
461,DB01073,Fludarabine,NC1=NC(F)=NC2=C1N=CN2[C@@H]1O[C@H](CO)[C@@H](O)[C@@H]1O
462,DB01075,Diphenhydramine,CN(C)CCOC(C1=CC=CC=C1)C1=CC=CC=C1
463,DB01076,Atorvastatin,CC(C)C1=C(C(=O)NC2=CC=CC=C2)C(=C(N1CC[C@@H](O)C[C@@H](O)CC(O)=O)C1=CC=C(F)C=C1)C1=CC=CC=C1
464,DB01080,Vigabatrin,NC(CCC(O)=O)C=C
465,DB01083,Orlistat,CCCCCCCCCCC[C@@H](C[C@@H]1OC(=O)[C@H]1CCCCCC)OC(=O)[C@H](CC(C)C)NC=O
466,DB01085,Pilocarpine,CC[C@H]1[C@@H](CC2=CN=CN2C)COC1=O
467,DB01086,Benzocaine,CCOC(=O)C1=CC=C(N)C=C1
468,DB01088,Iloprost,[H][C@]12C[C@@H](O)[C@H](\C=C\[C@@H](O)C(C)CC#CC)[C@@]1([H])C\C(C2)=C\CCCC(O)=O
469,DB01095,Fluvastatin,CC(C)N1C(\C=C\C(O)CC(O)CC(O)=O)=C(C2=CC=CC=C12)C1=CC=C(F)C=C1
470,DB01098,Rosuvastatin,CC(C)C1=NC(=NC(C2=CC=C(F)C=C2)=C1\C=C\[C@@H](O)C[C@@H](O)CC(=O)O)N(C)S(C)(=O)=O
471,DB01099,Flucytosine,NC1=C(F)C=NC(=O)N1
472,DB01101,Capecitabine,CCCCCOC(=O)NC1=NC(=O)N(C=C1F)[C@@H]1O[C@H](C)[C@@H](O)[C@H]1O
473,DB01104,Sertraline,CN[C@H]1CC[C@@H](C2=CC(Cl)=C(Cl)C=C2)C2=CC=CC=C12
474,DB01105,Sibutramine,CC(C)CC(N(C)C)C1(CCC1)C1=CC=C(Cl)C=C1
475,DB01109,Heparin,CC(=O)NC1C(C(C(OC1O)COS(=O)(=O)O)OC2C(C(C(C(O2)C(=O)O)OC3C(C(C(C(O3)CO)OC4C(C(C(C(O4)C(=O)O)O)O)OS(=O)(=O)O)OS(=O)(=O)O)NS(=O)(=O)O)O)OS(=O)(=O)O)O
476,DB01110,Miconazole,ClC1=CC(Cl)=C(COC(CN2C=CN=C2)C2=C(Cl)C=C(Cl)C=C2)C=C1
477,DB01113,Papaverine,COC1=C(OC)C=C(CC2=NC=CC3=CC(OC)=C(OC)C=C23)C=C1
478,DB01115,Nifedipine,COC(=O)C1=C(C)NC(C)=C(C1C1=CC=CC=C1[N+]([O-])=O)C(=O)OC
479,DB01118,Amiodarone,CCCCC1=C(C(=O)C2=CC(I)=C(OCCN(CC)CC)C(I)=C2)C2=C(O1)C=CC=C2
480,DB01120,Gliclazide,[H][C@@]12CCC[C@]1([H])CN(C2)NC(=O)NS(=O)(=O)C1=CC=C(C)C=C1
481,DB01122,Ambenonium,CC[N+](CC)(CCNC(=O)C(=O)NCC[N+](CC)(CC)CC1=CC=CC=C1Cl)CC1=CC=CC=C1Cl
482,DB01124,Tolbutamide,CCCCNC(=O)NS(=O)(=O)C1=CC=C(C)C=C1
483,DB01125,Anisindione,COC1=CC=C(C=C1)C1C(=O)C2=CC=CC=C2C1=O
484,DB01128,Bicalutamide,CC(O)(CS(=O)(=O)C1=CC=C(F)C=C1)C(=O)NC1=CC(=C(C=C1)C#N)C(F)(F)F
485,DB01129,Rabeprazole,COCCCOC1=C(C)C(CS(=O)C2=NC3=CC=CC=C3N2)=NC=C1
486,DB01132,Pioglitazone,CCC1=CN=C(CCOC2=CC=C(CC3SC(=O)NC3=O)C=C2)C=C1
487,DB01133,Tiludronic acid,OP(O)(=O)C(SC1=CC=C(Cl)C=C1)P(O)(O)=O
488,DB01136,Carvedilol,COC1=CC=CC=C1OCCNCC(O)COC1=CC=CC2=C1C1=CC=CC=C1N2
489,DB01137,Levofloxacin,C[C@H]1COC2=C3N1C=C(C(O)=O)C(=O)C3=CC(F)=C2N1CCN(C)CC1
490,DB01142,Doxepin,[H]C(CCN(C)C)=C1C2=CC=CC=C2COC2=CC=CC=C12
491,DB01143,Amifostine,NCCCNCCSP(O)(O)=O
492,DB01148,Flavoxate,CC1=C(OC2=C(C=CC=C2C(=O)OCCN2CCCCC2)C1=O)C1=CC=CC=C1
493,DB01151,Desipramine,CNCCCN1C2=CC=CC=C2CCC2=CC=CC=C12
494,DB01156,Bupropion,CC(NC(C)(C)C)C(=O)C1=CC(Cl)=CC=C1
495,DB01157,Trimetrexate,COC1=CC(NCC2=C(C)C3=C(C=C2)N=C(N)N=C3N)=CC(OC)=C1OC
496,DB01161,Chloroprocaine,CCN(CC)CCOC(=O)C1=C(Cl)C=C(N)C=C1
497,DB01162,Terazosin,COC1=C(OC)C=C2C(N)=NC(=NC2=C1)N1CCN(CC1)C(=O)C1CCCO1
498,DB01165,Ofloxacin,CC1COC2=C3N1C=C(C(O)=O)C(=O)C3=CC(F)=C2N1CCN(C)CC1
499,DB01167,Itraconazole,CCC(C)N1N=CN(C1=O)C1=CC=C(C=C1)N1CCN(CC1)C1=CC=C(OC[C@H]2CO[C@@](CN3C=NC=N3)(O2)C2=C(Cl)C=C(Cl)C=C2)C=C1
500,DB01169,Arsenic trioxide,O=[As]O[As]=O
501,DB01170,Guanethidine,NC(N)=NCCN1CCCCCCC1
502,DB01173,Orphenadrine,CN(C)CCOC(C1=CC=CC=C1)C1=CC=CC=C1C
503,DB01174,Phenobarbital,CCC1(C(=O)NC(=O)NC1=O)C1=CC=CC=C1
504,DB01175,Escitalopram,CN(C)CCC[C@]1(OCC2=C1C=CC(=C2)C#N)C1=CC=C(F)C=C1
505,DB01176,Cyclizine,CN1CCN(CC1)C(C1=CC=CC=C1)C1=CC=CC=C1
506,DB01177,Idarubicin,C[C@@H]1O[C@H](C[C@H](N)[C@@H]1O)O[C@H]1C[C@@](O)(CC2=C1C(O)=C1C(=O)C3=CC=CC=C3C(=O)C1=C2O)C(C)=O
507,DB01181,Ifosfamide,ClCCNP1(=O)OCCCN1CCCl
508,DB01182,Propafenone,CCCNCC(O)COC1=C(C=CC=C1)C(=O)CCC1=CC=CC=C1
509,DB01185,Fluoxymesterone,[H][C@@]12CC[C@](C)(O)[C@@]1(C)C[C@H](O)[C@@]1(F)[C@@]2([H])CCC2=CC(=O)CC[C@]12C
510,DB01186,Pergolide,[H][C@@]12CC3=CNC4=CC=CC(=C34)[C@@]1([H])C[C@@H](CSC)CN2CCC
511,DB01188,Ciclopirox,CC1=CC(=O)N(O)C(=C1)C1CCCCC1
512,DB01189,Desflurane,FC(F)OC(F)C(F)(F)F
513,DB01192,Oxymorphone,[H][C@@]12OC3=C(O)C=CC4=C3[C@@]11CCN(C)[C@]([H])(C4)[C@]1(O)CCC2=O
514,DB01193,Acebutolol,CCCC(=O)NC1=CC=C(OCC(O)CNC(C)C)C(=C1)C(C)=O
515,DB01194,Brinzolamide,CCN[C@H]1CN(CCCOC)S(=O)(=O)C2=C1C=C(S2)S(N)(=O)=O
516,DB01195,Flecainide,FC(F)(F)COC1=CC(C(=O)NCC2CCCCN2)=C(OCC(F)(F)F)C=C1
517,DB01196,Estramustine,[H][C@@]12CC[C@H](O)[C@@]1(C)CC[C@]1([H])C3=CC=C(OC(=O)N(CCCl)CCCl)C=C3CC[C@@]21[H]
518,DB01197,Captopril,C[C@H](CS)C(=O)N1CCC[C@H]1C(O)=O
519,DB01200,Bromocriptine,[H][C@@]12CCCN1C(=O)[C@H](CC(C)C)N1C(=O)[C@](NC(=O)[C@H]3CN(C)[C@]4([H])CC5=C(Br)NC6=CC=CC(=C56)C4=C3)(O[C@@]21O)C(C)C
520,DB01202,Levetiracetam,CC[C@H](N1CCCC1=O)C(N)=O
521,DB01203,Nadolol,CC(C)(C)NCC(O)COC1=CC=CC2=C1C[C@H](O)[C@H](O)C2
522,DB01204,Mitoxantrone,OCCNCCNC1=CC=C(NCCNCCO)C2=C1C(=O)C1=C(C(O)=CC=C1O)C2=O
523,DB01210,Levobunolol,CC(C)(C)NC[C@H](O)COC1=CC=CC2=C1CCCC2=O
524,DB01214,Metipranolol,CC(C)NCC(O)COC1=C(C)C(C)=C(OC(C)=O)C(C)=C1
525,DB01216,Finasteride,[H][C@@]12CC[C@H](C(=O)NC(C)(C)C)[C@@]1(C)CC[C@@]1([H])[C@@]2([H])CC[C@@]2([H])NC(=O)C=C[C@]12C
526,DB01217,Anastrozole,CC(C)(C#N)C1=CC(=CC(CN2C=NC=N2)=C1)C(C)(C)C#N
527,DB01219,Dantrolene,[O-][N+](=O)C1=CC=C(C=C1)C1=CC=C(O1)\C=N\N1CC(=O)NC1=O
528,DB01221,Ketamine,CNC1(CCCCC1=O)C1=CC=CC=C1Cl
529,DB01222,Budesonide,[H][C@@]12C[C@H]3OC(CCC)O[C@@]3(C(=O)CO)[C@@]1(C)C[C@H](O)[C@@]1([H])[C@@]2([H])CCC2=CC(=O)C=C[C@]12C
530,DB01223,Aminophylline,NCCN.CN1C2=C(NC=N2)C(=O)N(C)C1=O.CN1C2=C(NC=N2)C(=O)N(C)C1=O
531,DB01224,Quetiapine,OCCOCCN1CCN(CC1)C1=NC2=CC=CC=C2SC2=CC=CC=C12
532,DB01225,Enoxaparin,CC(=O)NC1C(C(C(OC1O)COS(=O)(=O)O)OC2C(C(C(C(O2)C(=O)O)OC3C(C(C(C(O3)CO)OC4C(C(C(C(O4)C(=O)O)O)O)OS(=O)(=O)O)OS(=O)(=O)O)NS(=O)(=O)O)O)OS(=O)(=O)O)O
533,DB01228,Encainide,COC1=CC=C(C=C1)C(=O)NC1=CC=CC=C1CCC1CCCCN1C
534,DB01229,Paclitaxel,[H][C@]12[C@H](OC(=O)C3=CC=CC=C3)[C@]3(O)C[C@H](OC(=O)[C@H](O)[C@@H](NC(=O)C4=CC=CC=C4)C4=CC=CC=C4)C(C)=C([C@@H](OC(C)=O)C(=O)[C@]1(C)[C@@H](O)C[C@H]1OC[C@@]21OC(C)=O)C3(C)C
535,DB01231,Diphenidol,OC(CCCN1CCCCC1)(C1=CC=CC=C1)C1=CC=CC=C1
536,DB01232,Saquinavir,[H][C@@]12CCCC[C@]1([H])CN(C[C@@H](O)[C@H](CC1=CC=CC=C1)NC(=O)[C@H](CC(N)=O)NC(=O)C1=NC3=C(C=CC=C3)C=C1)[C@@H](C2)C(=O)NC(C)(C)C
537,DB01233,Metoclopramide,CCN(CC)CCNC(=O)C1=CC(Cl)=C(N)C=C1OC
538,DB01234,Dexamethasone,[H][C@@]12C[C@@H](C)[C@](O)(C(=O)CO)[C@@]1(C)C[C@H](O)[C@@]1(F)[C@@]2([H])CCC2=CC(=O)C=C[C@]12C
539,DB01235,Levodopa,N[C@@H](CC1=CC(O)=C(O)C=C1)C(O)=O
540,DB01238,Aripiprazole,ClC1=CC=CC(N2CCN(CCCCOC3=CC4=C(CCC(=O)N4)C=C3)CC2)=C1Cl
541,DB01240,Epoprostenol,[H][C@]12C[C@@H](O)[C@H](\C=C\[C@@H](O)CCCCC)[C@@]1([H])C\C(O2)=C\CCCC(O)=O
542,DB01241,Gemfibrozil,CC1=CC(OCCCC(C)(C)C(O)=O)=C(C)C=C1
543,DB01242,Clomipramine,CN(C)CCCN1C2=CC=CC=C2CCC2=C1C=C(Cl)C=C2
544,DB01244,Bepridil,CC(C)COCC(CN(CC1=CC=CC=C1)C1=CC=CC=C1)N1CCCC1
545,DB01248,Docetaxel,[H][C@@]1(C[C@@]2(O)[C@@H](OC(=O)C3=CC=CC=C3)[C@]3([H])[C@@]4(CO[C@@H]4C[C@H](O)[C@@]3(C)C(=O)[C@H](O)C(=C1C)C2(C)C)OC(C)=O)OC(=O)[C@H](O)[C@@H](NC(=O)OC(C)(C)C)C1=CC=CC=C1
546,DB01254,Dasatinib,CC1=NC(NC2=NC=C(S2)C(=O)NC2=C(C)C=CC=C2Cl)=CC(=N1)N1CCN(CCO)CC1
547,DB01255,Lisdexamfetamine,C[C@@H](CC1=CC=CC=C1)NC(=O)[C@@H](N)CCCCN
548,DB01259,Lapatinib,CS(=O)(=O)CCNCC1=CC=C(O1)C1=CC2=C(C=C1)N=CN=C2NC1=CC(Cl)=C(OCC2=CC(F)=CC=C2)C=C1
549,DB01260,Desonide,[H][C@@]12C[C@H]3OC(C)(C)O[C@@]3(C(=O)CO)[C@@]1(C)C[C@H](O)[C@@]1([H])[C@@]2([H])CCC2=CC(=O)C=C[C@]12C
550,DB01261,Sitagliptin,N[C@@H](CC(=O)N1CCN2C(C1)=NN=C2C(F)(F)F)CC1=CC(F)=C(F)C=C1F
551,DB01262,Decitabine,NC1=NC(=O)N(C=N1)[C@H]1C[C@H](O)[C@@H](CO)O1
552,DB01267,Paliperidone,CC1=C(CCN2CCC(CC2)C2=NOC3=C2C=CC(F)=C3)C(=O)N2CCCC(O)C2=N1
553,DB01268,Sunitinib,CCN(CC)CCNC(=O)C1=C(C)NC(\C=C2/C(=O)NC3=C2C=C(F)C=C3)=C1C
554,DB01275,Hydralazine,NNC1=NN=CC2=CC=CC=C12
555,DB01291,Pirbuterol,CC(C)(C)NCC(O)C1=NC(CO)=C(O)C=C1
556,DB01294,Bismuth subsalicylate,O[Bi]1OC(=O)C2=CC=CC=C2O1
557,DB01296,Glucosamine,N[C@H]1C(O)O[C@H](CO)[C@@H](O)[C@@H]1O
558,DB01320,Fosphenytoin,OP(O)(=O)OCN1C(=O)NC(C1=O)(C1=CC=CC=C1)C1=CC=CC=C1
559,DB01327,Cefazolin,[H][C@]12SCC(CSC3=NN=C(C)S3)=C(N1C(=O)[C@H]2NC(=O)CN1C=NN=N1)C(O)=O
560,DB01351,Amobarbital,CCC1(CCC(C)C)C(=O)NC(=O)NC1=O
561,DB01356,Lithium cation,[Li+]
562,DB01359,Penbutolol,CC(C)(C)NC[C@H](O)COC1=CC=CC=C1C1CCCC1
563,DB01364,Ephedrine,CN[C@@H](C)[C@H](O)C1=CC=CC=C1
564,DB01367,Rasagiline,C#CCN[C@@H]1CCC2=CC=CC=C12
565,DB01394,Colchicine,COC1=CC2=C(C(OC)=C1OC)C1=CC=C(OC)C(=O)C=C1[C@H](CC2)NC(C)=O
566,DB01395,Drospirenone,[H][C@@]12C[C@]1([H])[C@@]1([H])[C@]3([H])[C@]4([H])C[C@]4([H])[C@@]4(CCC(=O)O4)[C@@]3(C)CC[C@]1([H])[C@@]1(C)CCC(=O)C=C21
567,DB01399,Salsalate,OC(=O)C1=CC=CC=C1OC(=O)C1=CC=CC=C1O
568,DB01400,Neostigmine,CN(C)C(=O)OC1=CC(=CC=C1)[N+](C)(C)C
569,DB01403,Methotrimeprazine,COC1=CC2=C(SC3=C(C=CC=C3)N2C[C@H](C)CN(C)C)C=C1
570,DB01406,Danazol,[H][C@@]12CC[C@@](O)(C#C)[C@@]1(C)CC[C@@]1([H])[C@@]2([H])CCC2=CC3=C(C[C@]12C)C=NO3
571,DB01410,Ciclesonide,[H][C@@]12C[C@@]3([H])[C@]4([H])CCC5=CC(=O)C=C[C@]5(C)[C@@]4([H])[C@@H](O)C[C@]3(C)[C@@]1(O[C@@H](O2)C1CCCCC1)C(=O)COC(=O)C(C)C
572,DB01427,Amrinone,NC1=CC(=CNC1=O)C1=CC=NC=C1
573,DB01551,Dihydrocodeine,[H][C@@]12OC3=C4C(C[C@H]5N(C)CC[C@@]14[C@@]5([H])CC[C@@H]2O)=CC=C3OC
574,DB01576,Dextroamphetamine,C[C@H](N)CC1=CC=CC=C1
575,DB01577,Metamfetamine,CN[C@@H](C)CC1=CC=CC=C1
576,DB01579,Phendimetrazine,C[C@H]1[C@@H](OCCN1C)C1=CC=CC=C1
577,DB01590,Everolimus,[H][C@@]1(C[C@@H](C)[C@]2([H])CC(=O)[C@H](C)\C=C(C)\[C@@H](O)[C@@H](OC)C(=O)[C@H](C)C[C@H](C)\C=C\C=C\C=C(C)\[C@H](C[C@]3([H])CC[C@@H](C)[C@@](O)(O3)C(=O)C(=O)N3CCCC[C@@]3([H])C(=O)O2)OC)CC[C@@H](OCCO)[C@@H](C1)OC
578,DB01623,Thiothixene,CN(C)S(=O)(=O)C1=CC2=C(SC3=CC=CC=C3\C2=C\CCN2CCN(C)CC2)C=C1
579,DB01677,Fumaric acid,OC(=O)\C=C\C(O)=O
580,DB02546,Vorinostat,ONC(=O)CCCCCCC(=O)NC1=CC=CC=C1
581,DB03796,Palmitic Acid,CCCCCCCCCCCCCCCC(O)=O
582,DB03904,Urea,NC(N)=O
583,DB04272,Citric acid,OC(=O)CC(O)(CC(O)=O)C(O)=O
584,DB04844,Tetrabenazine,COC1=C(OC)C=C2C3CC(=O)C(CC(C)C)CN3CCC2=C1
585,DB04861,Nebivolol,OC(CNCC(O)C1CCC2=C(O1)C=CC(F)=C2)C1CCC2=C(O1)C=CC(F)=C2
586,DB05259,Glatiramer,C[C@@H](C(=O)O)N.CC(=O)O.C1=CC(=CC=C1C[C@@H](C(=O)O)N)O.C(CCN)C[C@@H](C(=O)O)N.C(CC(=O)O)[C@@H](C(=O)O)N
587,DB06285,Teriparatide,CC[C@H](C)[C@@H](C(=O)N[C@@H](CCC(=O)N)C(=O)N[C@@H](CC(C)C)C(=O)N[C@@H](CCSC)C(=O)N[C@@H](CC1=CNC=N1)C(=O)N[C@@H](CC(=O)N)C(=O)N[C@@H](CC(C)C)C(=O)NCC(=O)N[C@@H](CCCCN)C(=O)N[C@@H](CC2=CNC=N2)C(=O)N[C@@H](CC(C)C)C(=O)N[C@@H](CC(=O)N)C(=O)N[C@@H](CO)C(=O)N[C@@H](CCSC)C(=O)N[C@@H](CCC(=O)O)C(=O)N[C@@H](CCCNC(=N)N)C(=O)N[C@@H](C(C)C)C(=O)N[C@@H](CCC(=O)O)C(=O)N[C@@H](CC3=CNC4=CC=CC=C43)C(=O)N[C@@H](CC(C)C)C(=O)N[C@@H](CCCNC(=N)N)C(=O)N[C@@H](CCCCN)C(=O)N[C@@H](CCCCN)C(=O)N[C@@H](CC(C)C)C(=O)N[C@@H](CCC(=O)N)C(=O)N[C@@H](CC(=O)O)C(=O)N[C@@H](C(C)C)C(=O)N[C@@H](CC5=CNC=N5)C(=O)N[C@@H](CC(=O)N)C(=O)N[C@@H](CC6=CC=CC=C6)C(=O)O)NC(=O)[C@H](CCC(=O)O)NC(=O)[C@H](CO)NC(=O)[C@H](C(C)C)NC(=O)[C@H](CO)N
588,DB06287,Temsirolimus,OCC(C)(CO)C(=O)O[C@@H]1CC[C@@H](C[C@@H](C)[C@]2([H])CC(=O)[C@H](C)\C=C(C)\[C@@H](O)[C@@H](OC)C(=O)[C@H](C)C[C@H](C)\C=C\C=C\C=C(C)\[C@@H](OC)C[C@]3([H])CC[C@@H](C)[C@@](O)(O3)C(=O)C(=O)N3CCCC[C@H]3C(=O)O2)C[C@H]1OC
589,DB09026,Aliskiren,COCCCOC1=C(OC)C=CC(C[C@@H](C[C@H](N)[C@@H](O)C[C@@H](C(C)C)C(=O)NCC(C)(C)C(N)=O)C(C)C)=C1
590,DB11750,Clobetasol,[H][C@@]12C[C@H](C)[C@](O)(C(=O)CCl)[C@@]1(C)C[C@H](O)[C@@]1(F)[C@@]2([H])CCC2=CC(=O)C=C[C@]12C
591,DB13919,Candesartan,CCOC1=NC2=CC=CC(C(O)=O)=C2N1CC1=CC=C(C=C1)C1=CC=CC=C1C1=NN=NN1
592,DB14513,Magnesium,[MgH2]
